DATA,BRAND,CANTITATE,VAL_IESIRE_FARA_TVA,VAL_IESIRE_CU_TVA,TOTAL_DISCOUNT,RATA_DISCOUNT,ADAOS,STOC_INITIAL,STOC_FINAL,RUPTURA_STOC
1-Jan-24,LOREAL ROMANIA S.R.L.,,,,,0,0,25445,25445,0
2-Jan-24,LOREAL ROMANIA S.R.L.,,,,,0,0,25445,25445,0
3-Jan-24,LOREAL ROMANIA S.R.L.,630,33380.86,39723.42,1706.08,0.042948971,2599.1321,25445,24930,1
4-Jan-24,LOREAL ROMANIA S.R.L.,558,31198.15,37125.55,1790.15,0.048218814,2363.6818,24930,28907,0
5-Jan-24,LOREAL ROMANIA S.R.L.,607,32859.43,39102.68,1812.82,0.046360505,2609.0436,28907,28301,1
6-Jan-24,LOREAL ROMANIA S.R.L.,660,35869.21,42684.2,1842.3,0.04316117,2960.2636,28301,27643,1
7-Jan-24,LOREAL ROMANIA S.R.L.,571,30434.22,36216.58,1605.12,0.044320032,2461.7718,27643,27073,1
8-Jan-24,LOREAL ROMANIA S.R.L.,399,20782.65,24731.43,1355.07,0.054791413,1370.46,27073,26980,0
9-Jan-24,LOREAL ROMANIA S.R.L.,451,22602.22,26896.6,1445.9,0.053757724,1483.88,26980,26534,1
10-Jan-24,LOREAL ROMANIA S.R.L.,528,27959.61,33271.93,2073.55,0.062321302,2061.8205,26534,28721,1
11-Jan-24,LOREAL ROMANIA S.R.L.,529,28273.37,33645.1,1628.4,0.048399321,2052.9,28721,28190,0
12-Jan-24,LOREAL ROMANIA S.R.L.,632,33498.58,39863.56,1951.94,0.048965521,2438.71,28190,27557,1
13-Jan-24,LOREAL ROMANIA S.R.L.,886,47929.95,57036.28,2760.72,0.048402876,3456.15,27557,26671,1
14-Jan-24,LOREAL ROMANIA S.R.L.,924,49113.44,58444.82,3099.18,0.053027454,3354.06,26671,25747,0
15-Jan-24,LOREAL ROMANIA S.R.L.,611,33970.76,40425.24,1974.26,0.048837311,2459.66,25747,25132,1
16-Jan-24,LOREAL ROMANIA S.R.L.,619,32882.35,39129.73,2174.77,0.055578457,2104.21,25132,28962,1
17-Jan-24,LOREAL ROMANIA S.R.L.,548,27970.88,33285.61,2022.98,0.060776414,1771.4721,28962,28413,1
18-Jan-24,LOREAL ROMANIA S.R.L.,524,26826.2,31923.2,1803,0.0564793,1707.7714,28413,27888,1
19-Jan-24,LOREAL ROMANIA S.R.L.,557,30412.55,36190.83,2246.37,0.062070143,2146.79,27888,27331,1
20-Jan-24,LOREAL ROMANIA S.R.L.,707,36146.39,43014.03,2921.97,0.067930626,2270.39,27331,26624,1
21-Jan-24,LOREAL ROMANIA S.R.L.,723,35406.15,42133.6,2722.9,0.064625382,2406.24,26624,25901,1
22-Jan-24,LOREAL ROMANIA S.R.L.,435,21723.85,25851.38,1858.62,0.071896355,1323.25,25901,25548,1
23-Jan-24,LOREAL ROMANIA S.R.L.,447,23366.57,27806.33,1664,0.059842489,1715.87,25548,25113,1
24-Jan-24,LOREAL ROMANIA S.R.L.,706,35701.21,42484.43,2455.57,0.057799293,2575.79,25113,24410,1
25-Jan-24,LOREAL ROMANIA S.R.L.,366,18740.1,22300.77,1476.23,0.066196369,1222.88,24410,28587,0
26-Jan-24,LOREAL ROMANIA S.R.L.,517,27624.01,32872.68,1967.82,0.059861867,2018.4,28587,28071,1
27-Jan-24,LOREAL ROMANIA S.R.L.,701,35279.63,41982.98,2664.52,0.063466671,2474.36,28071,27370,1
28-Jan-24,LOREAL ROMANIA S.R.L.,575,31040.47,36938.19,2402.81,0.065049479,2105.44,27370,26795,1
29-Jan-24,LOREAL ROMANIA S.R.L.,386,20547.85,24452.09,1520.41,0.062179143,1434.42,26795,26498,1
30-Jan-24,LOREAL ROMANIA S.R.L.,395,20321.76,24183.07,1381.43,0.057123847,1528.56,26498,26109,1
31-Jan-24,LOREAL ROMANIA S.R.L.,886,44758.25,53263.38,1925.12,0.036143407,2199.73,26109,28480,1
1-Feb-24,LOREAL ROMANIA S.R.L.,433,24685.37,29375.42,1399.08,0.047627574,2632.4221,28480,28047,0
2-Feb-24,LOREAL ROMANIA S.R.L.,484,26898.82,32009.39,1434.22,0.044806227,2995.8721,28047,27563,0
3-Feb-24,LOREAL ROMANIA S.R.L.,722,43189.06,51394.59,2126.41,0.041374199,4852.04,27563,26836,1
4-Feb-24,LOREAL ROMANIA S.R.L.,651,36663.7,43629.97,1735.53,0.039778391,4153.77,26836,26185,1
5-Feb-24,LOREAL ROMANIA S.R.L.,440,24522.63,29181.71,1489.29,0.051035049,2441.92,26185,25745,1
6-Feb-24,LOREAL ROMANIA S.R.L.,451,26971,32095.35,1548.15,0.048235959,2814.3025,25745,25297,1
7-Feb-24,LOREAL ROMANIA S.R.L.,438,24944.75,29684.15,1159.05,0.03904609,2826.62,25297,29888,1
8-Feb-24,LOREAL ROMANIA S.R.L.,481,26042.25,30990.41,937.59,0.030254198,3222.48,29888,29341,1
9-Feb-24,LOREAL ROMANIA S.R.L.,602,32819.3,39054.85,1405.65,0.035991689,3720.83,29341,28735,1
10-Feb-24,LOREAL ROMANIA S.R.L.,768,44627.26,53106.4,2061.1,0.038810765,4983.51,28735,27967,1
11-Feb-24,LOREAL ROMANIA S.R.L.,671,38417.85,45717.34,1277.66,0.027946945,4720.17,27967,27296,1
12-Feb-24,LOREAL ROMANIA S.R.L.,499,28630.76,34070.62,1642.28,0.048202234,3047.6,27296,26796,0
13-Feb-24,LOREAL ROMANIA S.R.L.,498,27798.63,33080.31,1434.89,0.043375954,2951.82,26796,26234,0
14-Feb-24,LOREAL ROMANIA S.R.L.,475,29145.16,34682.73,1337.77,0.038571646,3274.92,26234,29667,0
15-Feb-24,LOREAL ROMANIA S.R.L.,557,32808.12,39041.43,1616.07,0.041393719,3528.99,29667,29109,1
16-Feb-24,LOREAL ROMANIA S.R.L.,589,32700.26,38913.11,1845.39,0.047423349,3407.72,29109,28520,0
17-Feb-24,LOREAL ROMANIA S.R.L.,740,44177.97,52571.71,2198.49,0.041818879,4722.27,28520,27780,1
18-Feb-24,LOREAL ROMANIA S.R.L.,731,42228.55,50251.83,2269.67,0.045165917,4569.3014,27780,27049,1
19-Feb-24,LOREAL ROMANIA S.R.L.,545,30619.3,36436.72,4645.78,0.127502695,1000.57,27049,26504,1
20-Feb-24,LOREAL ROMANIA S.R.L.,557,30422.11,36202.1,3983.91,0.110046379,1458.0699,26504,26147,1
21-Feb-24,LOREAL ROMANIA S.R.L.,512,27655.46,32909.95,4540.55,0.137968912,618.61,26147,28710,1
22-Feb-24,LOREAL ROMANIA S.R.L.,576,32307.32,38445.52,5151.68,0.133999488,821.3214,28710,28136,1
23-Feb-24,LOREAL ROMANIA S.R.L.,502,28129.76,33474.25,4132.75,0.12346057,897.02,28136,27634,1
24-Feb-24,LOREAL ROMANIA S.R.L.,638,35226.35,41918.62,5533.92,0.132015796,813.1397,27634,26999,1
25-Feb-24,LOREAL ROMANIA S.R.L.,706,39332.05,46804.69,5236.82,0.111886651,1468.5213,26999,26294,1
26-Feb-24,LOREAL ROMANIA S.R.L.,473,25675.52,30553.82,3838.18,0.125620299,665.31,26294,25823,1
27-Feb-24,LOREAL ROMANIA S.R.L.,491,26892.36,32001.59,3997.91,0.12492848,679.65,25823,28993,0
28-Feb-24,LOREAL ROMANIA S.R.L.,527,28336.5,33720.23,4172.47,0.123737887,644.08,28993,28472,1
29-Feb-24,LOREAL ROMANIA S.R.L.,608,34380.72,40912.94,5793.46,0.141604588,376.66,28472,27864,1
1-Mar-24,LOREAL ROMANIA S.R.L.,404,26817.78,31912.95,2781.05,0.087144874,2256.44,27864,27526,1
2-Mar-24,LOREAL ROMANIA S.R.L.,655,40600.49,48314.25,3863.25,0.079960881,3291.3014,27526,26871,0
3-Mar-24,LOREAL ROMANIA S.R.L.,629,37128.72,44183.15,3698.85,0.083716304,2932.32,26871,26242,1
4-Mar-24,LOREAL ROMANIA S.R.L.,381,22737.15,27057,1134.5,0.04193,2458.01,26242,25861,0
5-Mar-24,LOREAL ROMANIA S.R.L.,400,22323.97,26565.3,1328.2,0.049997553,2154.17,25861,29235,1
6-Mar-24,LOREAL ROMANIA S.R.L.,476,28660.85,34106.1,1835.91,0.053829374,2654.4343,29235,28780,1
7-Mar-24,LOREAL ROMANIA S.R.L.,483,28890.43,34379.3,1747.72,0.050836404,2725.808,28780,28298,1
8-Mar-24,LOREAL ROMANIA S.R.L.,528,33008.11,39279.26,2001.27,0.050949789,3216.6823,28298,27770,0
9-Mar-24,LOREAL ROMANIA S.R.L.,634,37601.19,44744.98,2299.54,0.051392134,3515.778,27770,27136,0
10-Mar-24,LOREAL ROMANIA S.R.L.,682,40667.08,48393.5,2247.01,0.046432062,4176.759,27136,26454,0
11-Mar-24,LOREAL ROMANIA S.R.L.,424,23941.17,28489.7,1428.82,0.05015216,2222.698,26454,26174,1
12-Mar-24,LOREAL ROMANIA S.R.L.,391,21542.41,25635.3,1210.21,0.047208732,2095.719,26174,27931,1
13-Mar-24,LOREAL ROMANIA S.R.L.,403,23032.68,27408.4,1566.12,0.057140147,1969.698,27931,27569,0
14-Mar-24,LOREAL ROMANIA S.R.L.,454,27489.71,32712.4,1230.12,0.037604089,2954.888,27569,27113,1
15-Mar-24,LOREAL ROMANIA S.R.L.,611,35730.89,42519.4,1913.14,0.04499452,3469.366,27113,26502,1
16-Mar-24,LOREAL ROMANIA S.R.L.,760,45550.23,54204.3,2573.26,0.047473355,4351.774,26502,25742,1
17-Mar-24,LOREAL ROMANIA S.R.L.,758,43648.15,51940.91,2805.15,0.054006562,3789.7649,25742,24985,1
18-Mar-24,LOREAL ROMANIA S.R.L.,509,27982.78,33298.98,1386.54,0.041639113,2748.868,24985,24669,1
19-Mar-24,LOREAL ROMANIA S.R.L.,498,29072.44,34595.98,1790.02,0.051740694,2616.2,24669,24634,0
20-Mar-24,LOREAL ROMANIA S.R.L.,463,27361.87,32560.31,1414.22,0.043433862,2667.788,24634,28942,1
21-Mar-24,LOREAL ROMANIA S.R.L.,421,23994,28552.7,1334.8,0.046748644,2257.63,28942,28521,1
22-Mar-24,LOREAL ROMANIA S.R.L.,452,25731.15,30619.9,1562.11,0.051016169,2252.389,28521,28430,1
23-Mar-24,LOREAL ROMANIA S.R.L.,679,40397.81,48072.9,2446.85,0.050898739,3626.725,28430,27751,0
24-Mar-24,LOREAL ROMANIA S.R.L.,616,34596.47,41169.4,1822.14,0.044259571,3253.696,27751,27135,1
25-Mar-24,LOREAL ROMANIA S.R.L.,414,23849.84,28381.11,1776.43,0.062591985,1823.277,27135,26727,0
26-Mar-24,LOREAL ROMANIA S.R.L.,443,26815.08,31909.6,1295.45,0.0405975,2628.235,26727,26288,1
27-Mar-24,LOREAL ROMANIA S.R.L.,431,25164.26,29945.4,1499.65,0.050079478,2255.895,26288,28452,1
28-Mar-24,LOREAL ROMANIA S.R.L.,436,24745.33,29447,1278.52,0.043417666,2299.133,28452,28016,0
29-Mar-24,LOREAL ROMANIA S.R.L.,496,29461.04,35058.4,1543.13,0.044015985,2800.247,28016,27520,1
30-Mar-24,LOREAL ROMANIA S.R.L.,628,36512.71,43450.2,2040.35,0.046958357,3245.27,27520,32133,1
31-Mar-24,LOREAL ROMANIA S.R.L.,670,39770.37,47326.4,2444.16,0.051644748,3362.529,32133,31463,1
1-Apr-24,LOREAL ROMANIA S.R.L.,530,29979.94,35675.85,2573.36,0.072131708,2084.3128,31463,30933,1
2-Apr-24,LOREAL ROMANIA S.R.L.,551,30711.09,36546.07,2966.14,0.081161668,1851.3099,30933,30381,1
3-Apr-24,LOREAL ROMANIA S.R.L.,530,30201.61,35939.9,2725.3,0.075829371,1913.45,30381,29864,1
4-Apr-24,LOREAL ROMANIA S.R.L.,524,30025.7,35730.36,2608.14,0.072995066,1963.425,29864,32590,1
5-Apr-24,LOREAL ROMANIA S.R.L.,577,33693.73,40095.53,3004.07,0.074922816,2218.82,32590,32012,1
6-Apr-24,LOREAL ROMANIA S.R.L.,689,37470.15,44589.5,3515.5,0.078841431,2199.28,32012,31323,1
7-Apr-24,LOREAL ROMANIA S.R.L.,759,42606.01,50700.53,3920.99,0.077336272,2681.669,31323,30564,1
8-Apr-24,LOREAL ROMANIA S.R.L.,549,30515.35,36313.17,3029.53,0.083427858,1745.91,30564,30015,1
9-Apr-24,LOREAL ROMANIA S.R.L.,587,33550.59,39925.35,2690.16,0.067379747,2420.8899,30015,35749,1
10-Apr-24,LOREAL ROMANIA S.R.L.,621,34752.99,41355.85,3101.15,0.074986973,2132.72,35749,35133,1
11-Apr-24,LOREAL ROMANIA S.R.L.,638,35261.53,41961.21,2971.79,0.070822314,2375.7422,35133,34496,1
12-Apr-24,LOREAL ROMANIA S.R.L.,668,37397.49,44502.69,3166.82,0.071160193,2490.9387,34496,33828,1
13-Apr-24,LOREAL ROMANIA S.R.L.,803,46612.74,55468.92,3915.58,0.070590522,3129.148,33828,33027,1
14-Apr-24,LOREAL ROMANIA S.R.L.,882,49887.34,59365.89,4946.61,0.083324111,2853.732,33027,32145,1
15-Apr-24,LOREAL ROMANIA S.R.L.,682,37840.03,45029.51,3529.6,0.078384153,2241.7023,32145,31465,1
16-Apr-24,LOREAL ROMANIA S.R.L.,613,33345.06,39680.71,3478.79,0.08766955,1722.5868,31465,30852,1
17-Apr-24,LOREAL ROMANIA S.R.L.,521,28359.19,33747.28,2537.02,0.075177022,1784.9036,30852,32602,0
18-Apr-24,LOREAL ROMANIA S.R.L.,9295,30578.96,36388.75,3149.53,0.0865523,1771.3456,32602,23308,1
19-Apr-24,LOREAL ROMANIA S.R.L.,599,31342,37296.87,3040.13,0.081511666,1753.7676,23308,22707,1
20-Apr-24,LOREAL ROMANIA S.R.L.,761,39730.78,47279.42,4390.6,0.092864929,1931.101,22707,21948,1
21-Apr-24,LOREAL ROMANIA S.R.L.,726,41224.45,49056.7,4095.6,0.083487067,2188.7904,21948,21222,0
22-Apr-24,LOREAL ROMANIA S.R.L.,474,24953.89,29695.07,3969.93,0.133689868,268.598,21222,20759,0
23-Apr-24,LOREAL ROMANIA S.R.L.,469,24840.11,29559.74,3699.63,0.125157731,490.336,20759,20395,1
24-Apr-24,LOREAL ROMANIA S.R.L.,645,35416.33,42144.98,5645.02,0.13394288,401.9276,20395,25994,1
25-Apr-24,LOREAL ROMANIA S.R.L.,607,30707.38,36541.66,4825.6,0.132057493,334.5945,25994,25412,1
26-Apr-24,LOREAL ROMANIA S.R.L.,693,35727.67,42515.4,5873.33,0.138145942,189.384,25412,24720,1
27-Apr-24,LOREAL ROMANIA S.R.L.,738,38993.79,46402.1,5932.77,0.127855636,605.1092,24720,23986,1
28-Apr-24,LOREAL ROMANIA S.R.L.,845,45477.61,54118.16,7105.15,0.131289571,618.7443,23986,23142,1
29-Apr-24,LOREAL ROMANIA S.R.L.,624,31928.96,37995.42,3335.8,0.087794792,1706.8902,23142,22518,1
30-Apr-24,LOREAL ROMANIA S.R.L.,672,36191.01,43067.08,3348.84,0.077758696,2201.8259,22518,28487,1
1-May-24,LOREAL ROMANIA S.R.L.,722,40275.52,47927.78,3656.63,0.076294583,2573.745,28487,27770,1
2-May-24,LOREAL ROMANIA S.R.L.,639,34898.14,41528.45,4272.33,0.102877184,1362.351,27770,29695,1
3-May-24,LOREAL ROMANIA S.R.L.,492,27268.31,32448.86,3178.41,0.097951361,1220.0594,29695,29195,1
4-May-24,LOREAL ROMANIA S.R.L.,225,13552.91,16127.68,2128.45,0.131974965,240.9615,29195,28970,1
5-May-24,LOREAL ROMANIA S.R.L.,,,,,0,0,28970,28970,0
6-May-24,LOREAL ROMANIA S.R.L.,,,,,0,0,28970,28970,0
7-May-24,LOREAL ROMANIA S.R.L.,835,45346.46,53962.15,5061.32,0.093793891,1990.6676,28970,28085,1
8-May-24,LOREAL ROMANIA S.R.L.,670,36769.23,43755.15,4372.61,0.099933608,1477.9151,28085,27425,1
9-May-24,LOREAL ROMANIA S.R.L.,642,34800.52,41412.54,4150.57,0.100224956,1413.1085,27425,32106,1
10-May-24,LOREAL ROMANIA S.R.L.,735,40561.79,48268.32,4597.4,0.095246737,1800.5576,32106,31171,1
11-May-24,LOREAL ROMANIA S.R.L.,799,44677.33,53165.67,5138.99,0.096659931,1849.1924,31171,30375,1
12-May-24,LOREAL ROMANIA S.R.L.,873,48344.13,57529.21,5015.71,0.087185449,2523.6339,30375,29502,1
13-May-24,LOREAL ROMANIA S.R.L.,546,31334.25,37287.55,3838.56,0.102944817,1298.0712,29502,29221,1
14-May-24,LOREAL ROMANIA S.R.L.,625,34859.33,41482.14,3990.02,0.096186455,1455.7216,29221,28627,1
15-May-24,LOREAL ROMANIA S.R.L.,588,32381.49,38533.85,3851.18,0.099942778,1244.9247,28627,31833,1
16-May-24,LOREAL ROMANIA S.R.L.,660,35154.43,41833.78,3506.9,0.083829384,1932.9008,31833,31169,1
17-May-24,LOREAL ROMANIA S.R.L.,629,35913.61,42737.18,4792.93,0.112148953,1065.288,31169,30540,1
18-May-24,LOREAL ROMANIA S.R.L.,789,43468.34,51726.97,5066.75,0.097951803,1854.7583,30540,29751,1
19-May-24,LOREAL ROMANIA S.R.L.,747,40856.36,48619.08,4819.14,0.099120345,1626.0833,29751,29004,1
20-May-24,LOREAL ROMANIA S.R.L.,562,31344.33,37299.5,4287.15,0.114938538,804.7954,29004,28441,1
21-May-24,LOREAL ROMANIA S.R.L.,588,31379.91,37341.83,4103.39,0.109887223,909.2506,28441,27853,1
22-May-24,LOREAL ROMANIA S.R.L.,534,29022.31,34536.44,3490.7,0.101072954,1050.5786,27853,30877,1
23-May-24,LOREAL ROMANIA S.R.L.,474,24481.63,29133.04,2846.31,0.097700412,1040.3572,30877,30403,0
24-May-24,LOREAL ROMANIA S.R.L.,616,33811.55,40235.33,5040.45,0.12527423,633.2472,30403,29787,1
25-May-24,LOREAL ROMANIA S.R.L.,742,41117.27,48929.28,7573.71,0.154788912,-321.0604,29787,29047,1
26-May-24,LOREAL ROMANIA S.R.L.,852,44482.43,52933.92,8760.44,0.165497662,-849.1957,29047,28195,1
27-May-24,LOREAL ROMANIA S.R.L.,628,31859.18,37912.09,6291.71,0.16595524,-645.4038,28195,27567,0
28-May-24,LOREAL ROMANIA S.R.L.,636,32768.11,38993.74,6845.91,0.175564334,-692.8198,27567,26931,1
29-May-24,LOREAL ROMANIA S.R.L.,534,27065.74,32207.9,5237.81,0.162625008,-405.3757,26931,43555,1
30-May-24,LOREAL ROMANIA S.R.L.,761,39394.69,46879.71,8379.09,0.178735961,-1193.788,43555,42795,1
31-May-24,LOREAL ROMANIA S.R.L.,774,39403.57,46890.23,8062.66,0.171947546,-1079.7047,42795,41732,0
1-Jun-24,LOREAL ROMANIA S.R.L.,721,37370.8,44470.93,6930.63,0.155846302,-491.066,41732,41011,1
2-Jun-24,LOREAL ROMANIA S.R.L.,869,49037.98,58355.18,8249.15,0.141361058,-56.543,41011,40143,0
3-Jun-24,LOREAL ROMANIA S.R.L.,569,30578.65,36388.16,5109.91,0.14042782,-14.627,40143,39568,1
4-Jun-24,LOREAL ROMANIA S.R.L.,692,36740.97,43721.52,6361.58,0.145502261,-229.34,39568,38876,0
5-Jun-24,LOREAL ROMANIA S.R.L.,868,47091.95,56039.21,8074.26,0.144082331,-274.139,38876,39391,1
6-Jun-24,LOREAL ROMANIA S.R.L.,734,38559.44,45885.62,6812.05,0.148457185,-390.167,39391,38707,0
7-Jun-24,LOREAL ROMANIA S.R.L.,870,46072.68,54826.37,8894.79,0.162235618,-1026.856,38707,37837,0
8-Jun-24,LOREAL ROMANIA S.R.L.,906,49715.09,59160.74,9167.93,0.154966452,-611.307,37837,36931,1
9-Jun-24,LOREAL ROMANIA S.R.L.,1020,54664.62,65051.14,9482.5,0.145769928,-290.434,36931,35912,1
10-Jun-24,LOREAL ROMANIA S.R.L.,768,41846.19,49796.83,7657.27,0.15377023,-641.81,35912,35143,1
11-Jun-24,LOREAL ROMANIA S.R.L.,769,41484.24,49365.82,7987.84,0.161809122,-898.346,35143,34373,1
12-Jun-24,LOREAL ROMANIA S.R.L.,773,41640.74,49552.63,7655.48,0.154491901,-629.62,34373,34320,1
13-Jun-24,LOREAL ROMANIA S.R.L.,816,43076.95,51261.33,7364.15,0.143658973,-176.168,34320,33486,1
14-Jun-24,LOREAL ROMANIA S.R.L.,828,44859.24,53381.76,7123.41,0.133442771,265.4239,33486,36515,1
15-Jun-24,LOREAL ROMANIA S.R.L.,1126,61501.93,73187.28,10605.47,0.144908651,-405.0314,36515,35393,1
16-Jun-24,LOREAL ROMANIA S.R.L.,1138,60670.11,72196.99,10694.69,0.148132076,-616.254,35393,34255,1
17-Jun-24,LOREAL ROMANIA S.R.L.,709,37302.03,44389.21,6752.37,0.152117373,-485.348,34255,34058,0
18-Jun-24,LOREAL ROMANIA S.R.L.,947,50559.76,60165.91,9140.06,0.151914265,-665.5,34058,33111,1
19-Jun-24,LOREAL ROMANIA S.R.L.,933,48425.93,57625.9,9038.66,0.156850652,-877.016,33111,36115,0
20-Jun-24,LOREAL ROMANIA S.R.L.,865,46592.64,55444.59,9406.55,0.169656769,-1370.174,36115,35250,0
21-Jun-24,LOREAL ROMANIA S.R.L.,930,48433.92,57636,9690.63,0.16813502,-1323.913,35250,34286,0
22-Jun-24,LOREAL ROMANIA S.R.L.,967,50613.33,60229.53,9456.65,0.157010191,-926.627,34286,33324,1
23-Jun-24,LOREAL ROMANIA S.R.L.,836,44428.59,52869.56,8387.67,0.158648379,-811.843,33324,32488,1
24-Jun-24,LOREAL ROMANIA S.R.L.,868,45551.44,54205.93,8627.71,0.159165427,-887.624,32488,31619,0
25-Jun-24,LOREAL ROMANIA S.R.L.,802,41315.14,49164.82,7644.31,0.155483331,-684.243,31619,30817,0
26-Jun-24,LOREAL ROMANIA S.R.L.,694,37437.67,44550.62,7333.98,0.164621278,-836.61,30817,30315,1
27-Jun-24,LOREAL ROMANIA S.R.L.,761,38814.51,46189.03,8195.11,0.177425462,-1446.594,30315,29554,1
28-Jun-24,LOREAL ROMANIA S.R.L.,767,39847.04,47418,8169.71,0.172291324,-1286.751,29554,28787,1
29-Jun-24,LOREAL ROMANIA S.R.L.,888,46016.44,54759.01,8867.57,0.161938099,-972.9721,28787,32502,1
30-Jun-24,LOREAL ROMANIA S.R.L.,1043,55759.62,66353.64,12023.86,0.181208748,-2114.31,32502,31459,1
1-Jul-24,LOREAL ROMANIA S.R.L.,708,37344.62,44439.87,7498.88,0.168742168,-1049.23,31459,32010,1
2-Jul-24,LOREAL ROMANIA S.R.L.,562,29351.08,34927.39,6154.61,0.176211563,-937.578,32010,31448,0
3-Jul-24,LOREAL ROMANIA S.R.L.,767,40398.62,48073.82,8751.18,0.182036293,-1535.049,31448,32418,0
4-Jul-24,LOREAL ROMANIA S.R.L.,737,38832.02,46209.56,7909.94,0.171175402,-1119.578,32418,31681,0
5-Jul-24,LOREAL ROMANIA S.R.L.,824,43146.07,51343.35,9213.16,0.179442128,-1607.9811,31681,30858,1
6-Jul-24,LOREAL ROMANIA S.R.L.,878,45286.13,53889.92,10151.7,0.188378457,-1933.9266,30858,29980,1
7-Jul-24,LOREAL ROMANIA S.R.L.,950,50674.66,60301.93,11344.57,0.188129468,-2140.292,29980,29030,1
8-Jul-24,LOREAL ROMANIA S.R.L.,766,38870.89,46255.61,8813.89,0.190547482,-1859.711,29030,28260,1
9-Jul-24,LOREAL ROMANIA S.R.L.,793,41425.76,49296.29,9911.71,0.201064015,-2352.771,28260,27467,1
10-Jul-24,LOREAL ROMANIA S.R.L.,836,43262.34,51481.57,9896.93,0.192242195,-2128.2,27467,26631,1
11-Jul-24,LOREAL ROMANIA S.R.L.,900,46514.45,55351.75,11166.25,0.201732556,-2667.806,26631,28748,0
12-Jul-24,LOREAL ROMANIA S.R.L.,878,46656.07,55520.19,11148.81,0.200806409,-2442.335,28748,27870,1
13-Jul-24,LOREAL ROMANIA S.R.L.,1044,55782.13,66380.68,12766.32,0.192319814,-2748.755,27870,26825,1
14-Jul-24,LOREAL ROMANIA S.R.L.,1002,54614.37,64990.93,12896.57,0.198436459,-2968.147,26825,25823,1
15-Jul-24,LOREAL ROMANIA S.R.L.,878,46008.07,54749.32,10380.69,0.189603999,-2016.5051,25823,25131,1
16-Jul-24,LOREAL ROMANIA S.R.L.,708,37714.88,44880.43,8958.07,0.199598578,-2062.452,25131,24423,0
17-Jul-24,LOREAL ROMANIA S.R.L.,839,45305.78,53913.4,9474.1,0.175728112,-1568.428,24423,26414,1
18-Jul-24,LOREAL ROMANIA S.R.L.,772,42280.62,50313.77,9135.23,0.181565206,-1628.402,26414,25642,1
19-Jul-24,LOREAL ROMANIA S.R.L.,718,36106.21,42965.97,7336.03,0.170740472,-972.942,25642,24924,1
20-Jul-24,LOREAL ROMANIA S.R.L.,842,44595.8,53069.03,9529.97,0.179576864,-1549.182,24924,24082,1
21-Jul-24,LOREAL ROMANIA S.R.L.,719,37153.17,44211.94,7051.55,0.159494245,-728.93,24082,23363,1
22-Jul-24,LOREAL ROMANIA S.R.L.,670,36473.61,43403.23,6869.77,0.158277852,-524.34,23363,22703,1
23-Jul-24,LOREAL ROMANIA S.R.L.,606,31370.73,37330.79,5786.71,0.155011721,-438.372,22703,25253,1
24-Jul-24,LOREAL ROMANIA S.R.L.,515,27538.56,32770.37,4784.63,0.14600476,-30.099,25253,24738,0
25-Jul-24,LOREAL ROMANIA S.R.L.,561,29147.98,34685.72,5330.07,0.153667561,-317.17,24738,24176,1
26-Jul-24,LOREAL ROMANIA S.R.L.,645,33215.57,39526.22,6888.78,0.174283805,-1004.427,24176,23068,1
27-Jul-24,LOREAL ROMANIA S.R.L.,718,38141.81,45388,7407,0.163192914,-787.168,23068,22350,1
28-Jul-24,LOREAL ROMANIA S.R.L.,666,34819.38,41434.48,6972.72,0.168283034,-808.99,22350,21684,1
29-Jul-24,LOREAL ROMANIA S.R.L.,558,29006.84,34517.62,5425.28,0.15717422,-376.99,21684,21207,0
30-Jul-24,LOREAL ROMANIA S.R.L.,617,33417.27,39766.37,6414.63,0.161307909,-614.908,21207,21044,1
31-Jul-24,LOREAL ROMANIA S.R.L.,690,36506.39,43442.15,7159.85,0.164813436,-722.88,21044,25363,0
1-Aug-24,LOREAL ROMANIA S.R.L.,622,32592.41,38784.91,6123.59,0.157885889,-563.26,25363,24741,1
2-Aug-24,LOREAL ROMANIA S.R.L.,621,32194.2,38310.7,5930.8,0.154807926,-474.919,24741,24216,0
3-Aug-24,LOREAL ROMANIA S.R.L.,723,38520.04,45838.68,6925.33,0.151080485,-368.41,24216,23493,1
4-Aug-24,LOREAL ROMANIA S.R.L.,729,40940.3,48718.4,7152.6,0.146815166,-231.742,23493,22764,1
5-Aug-24,LOREAL ROMANIA S.R.L.,574,31604.59,37609.08,6008.92,0.159773119,-420.03,22764,22190,1
6-Aug-24,LOREAL ROMANIA S.R.L.,665,36152.02,43020.61,6875.89,0.159827813,-571.67,22190,21461,1
7-Aug-24,LOREAL ROMANIA S.R.L.,573,29935.12,35622.6,5085.4,0.142757688,82.144,21461,23481,1
8-Aug-24,LOREAL ROMANIA S.R.L.,640,34682.9,41272.55,6512.45,0.157791317,-527.293,23481,22841,0
9-Aug-24,LOREAL ROMANIA S.R.L.,717,41005.49,48796.31,6965.19,0.142740097,66.195,22841,22172,1
10-Aug-24,LOREAL ROMANIA S.R.L.,794,42686.84,50797.29,8489.22,0.167119545,-989.9191,22172,21379,1
11-Aug-24,LOREAL ROMANIA S.R.L.,773,41944.63,49914.16,7381.34,0.147880682,-332.455,21379,20606,1
12-Aug-24,LOREAL ROMANIA S.R.L.,603,31377.68,37339,5275.5,0.14128659,40.269,20606,20003,1
13-Aug-24,LOREAL ROMANIA S.R.L.,723,39231.42,46684.9,6198.59,0.132775051,347.289,20003,19765,1
14-Aug-24,LOREAL ROMANIA S.R.L.,799,44501.12,52955.78,8994.62,0.169851525,-1036.826,19765,25145,0
15-Aug-24,LOREAL ROMANIA S.R.L.,836,46526.44,55366.3,8330.2,0.150456144,-320.068,25145,24293,1
16-Aug-24,LOREAL ROMANIA S.R.L.,641,34671.67,41259.11,5780.89,0.140111844,50.049,24293,24204,1
17-Aug-24,LOREAL ROMANIA S.R.L.,635,35135.26,41810.93,6052.57,0.144760473,-129.4497,24204,23570,1
18-Aug-24,LOREAL ROMANIA S.R.L.,720,39466.63,46965.03,6688.47,0.142413834,-81.78,23570,22850,1
19-Aug-24,LOREAL ROMANIA S.R.L.,612,32942.86,39202.08,6258.42,0.1596451,-1235.24,22850,22238,1
20-Aug-24,LOREAL ROMANIA S.R.L.,638,34055.93,40526.17,5984.83,0.147678155,-877.485,22238,21564,1
21-Aug-24,LOREAL ROMANIA S.R.L.,643,33284.67,39608.25,6036.75,0.152411429,-1393.211,21564,22689,1
22-Aug-24,LOREAL ROMANIA S.R.L.,662,35121.11,41793.7,6896.2,0.165005731,-1669.91,22689,21981,1
23-Aug-24,LOREAL ROMANIA S.R.L.,599,31567.01,37564.63,5713.37,0.152094404,-1014.308,21981,21174,1
24-Aug-24,LOREAL ROMANIA S.R.L.,681,35348.67,42064.26,5653.74,0.134407214,-774.2957,21174,20482,1
25-Aug-24,LOREAL ROMANIA S.R.L.,685,35380.15,42102.09,5557.91,0.132010311,-793.79,20482,19797,1
26-Aug-24,LOREAL ROMANIA S.R.L.,543,28661.7,34106.79,4603.72,0.134979574,-753.8,19797,19200,0
27-Aug-24,LOREAL ROMANIA S.R.L.,528,26646.64,31709.34,5080.91,0.160233862,-1109.455,19200,18670,1
28-Aug-24,LOREAL ROMANIA S.R.L.,519,26975.95,32100.92,4542.58,0.14150934,-824.021,18670,21519,1
29-Aug-24,LOREAL ROMANIA S.R.L.,518,26744.3,31825.44,4267.64,0.13409524,-425.525,21519,20990,1
30-Aug-24,LOREAL ROMANIA S.R.L.,567,28970.23,34474.34,4838.66,0.140355406,-839.635,20990,20423,1
31-Aug-24,LOREAL ROMANIA S.R.L.,906,54077.84,64353.05,5029.45,0.078154027,-86.805,20423,19517,1
1-Sep-24,LOREAL ROMANIA S.R.L.,566,29822.82,35489.05,2275.95,0.064131049,1304.95,19517,18951,1
2-Sep-24,LOREAL ROMANIA S.R.L.,436,23294.51,27720.53,2649.47,0.095577898,373.145,18951,18508,1
3-Sep-24,LOREAL ROMANIA S.R.L.,447,23150.45,27548.95,2484.55,0.09018674,576.359,18508,17623,1
4-Sep-24,LOREAL ROMANIA S.R.L.,498,24800.79,29512.85,2587.15,0.087661815,843.91,17623,21485,1
5-Sep-24,LOREAL ROMANIA S.R.L.,576,29733.97,35383.18,2967.93,0.083879685,924.34,21485,20902,1
6-Sep-24,LOREAL ROMANIA S.R.L.,590,29867.23,35542.06,3594.57,0.101135669,565.907,20902,20290,1
7-Sep-24,LOREAL ROMANIA S.R.L.,701,36991.87,44020.35,3956.32,0.089874797,1138.126,20290,19589,1
8-Sep-24,LOREAL ROMANIA S.R.L.,733,37521.64,44651.04,4257.77,0.09535657,822.364,19589,18856,0
9-Sep-24,LOREAL ROMANIA S.R.L.,523,26902.8,32014.56,2873.53,0.089756973,869.696,18856,18333,1
10-Sep-24,LOREAL ROMANIA S.R.L.,546,27793.7,33074.63,2957.03,0.089404779,916.714,18333,17787,1
11-Sep-24,LOREAL ROMANIA S.R.L.,483,26570.74,31618.97,2633.49,0.083288292,1048.644,17787,21410,1
12-Sep-24,LOREAL ROMANIA S.R.L.,610,30602.88,36417.48,3688.66,0.101288173,762.831,21410,20793,1
13-Sep-24,LOREAL ROMANIA S.R.L.,647,32475.39,38645.57,3313.19,0.085732724,1411.2593,20793,20134,1
14-Sep-24,LOREAL ROMANIA S.R.L.,859,45409.38,54036.56,4879.3,0.090296273,1880.405,20134,19275,1
15-Sep-24,LOREAL ROMANIA S.R.L.,850,44129.69,52513.98,5150.27,0.098074265,1463.79,19275,18425,1
16-Sep-24,LOREAL ROMANIA S.R.L.,514,26709.64,31784.43,3400.66,0.106991379,615.131,18425,17960,1
17-Sep-24,LOREAL ROMANIA S.R.L.,537,27922.39,33227.5,3123.8,0.09401249,1002.566,17960,22971,1
18-Sep-24,LOREAL ROMANIA S.R.L.,478,24259.43,28868.85,2509.75,0.086936265,1200.329,22971,22395,1
19-Sep-24,LOREAL ROMANIA S.R.L.,525,25853.2,30765.11,3625.57,0.117846808,572.871,22395,21851,1
20-Sep-24,LOREAL ROMANIA S.R.L.,515,27381.8,32584.31,3646.92,0.111922579,864.2901,21851,21530,1
21-Sep-24,LOREAL ROMANIA S.R.L.,666,36308.97,43207.52,4694.85,0.108658169,1240.4547,21530,20871,1
22-Sep-24,LOREAL ROMANIA S.R.L.,744,37493.63,44617.3,4951.67,0.110980942,1169.8792,20871,20145,1
23-Sep-24,LOREAL ROMANIA S.R.L.,477,25429.7,30261.34,2717.87,0.089813273,1105.7565,20145,19683,1
24-Sep-24,LOREAL ROMANIA S.R.L.,456,22630.83,26930.75,2746.9,0.101998645,719.031,19683,19201,1
25-Sep-24,LOREAL ROMANIA S.R.L.,553,28374.28,33765.19,2890.81,0.085615096,1166.3812,19201,18632,1
26-Sep-24,LOREAL ROMANIA S.R.L.,500,24681.4,29370.68,2653.54,0.090346563,963.0588,18632,18046,1
27-Sep-24,LOREAL ROMANIA S.R.L.,467,22352.22,26598.98,2554.71,0.096045412,711.6623,18046,17631,1
28-Sep-24,LOREAL ROMANIA S.R.L.,571,28977.51,34482.63,3309.09,0.095963968,969.6587,17631,17061,1
29-Sep-24,LOREAL ROMANIA S.R.L.,487,24153.98,28743.19,2907.04,0.101138391,711.319,17061,16572,1
30-Sep-24,LOREAL ROMANIA S.R.L.,,,,,0,0,16572,16129,1
1-Oct-24,LOREAL ROMANIA S.R.L.,397,20341.11,24205.76,2298.35,0.094950541,900.8635,16129,18477,1
2-Oct-24,LOREAL ROMANIA S.R.L.,507,25919.91,30844.43,2911.22,0.094383978,1160.0122,18477,17972,1
3-Oct-24,LOREAL ROMANIA S.R.L.,540,28225.06,33587.85,2807.9,0.083598682,1506.6022,17972,17428,1
4-Oct-24,LOREAL ROMANIA S.R.L.,542,27967.51,33280.99,3222.25,0.096819536,1194.9659,17428,16988,1
5-Oct-24,LOREAL ROMANIA S.R.L.,754,40134,47759.47,,0,1614.8594,16988,16252,1
6-Oct-24,LOREAL ROMANIA S.R.L.,710,38891.5,46280.74,0,0,2349.1639,16252,15543,1
7-Oct-24,LOREAL ROMANIA S.R.L.,386,22093.49,26291.08,,0,1288.774,15543,15156,1
8-Oct-24,LOREAL ROMANIA S.R.L.,478,25187.07,29972.47,0,0,987.1949,15156,14670,1
9-Oct-24,LOREAL ROMANIA S.R.L.,459,24795.13,29506.11,,0,1288.921,14670,15912,1
10-Oct-24,LOREAL ROMANIA S.R.L.,615,30879.89,36747.15,,0,1526.4821,15912,15286,1
11-Oct-24,LOREAL ROMANIA S.R.L.,552,29389.76,34973.61,,0,1269.5645,15286,19663,1
12-Oct-24,LOREAL ROMANIA S.R.L.,736,38409.66,45707.19,,0,1831.2974,19663,18927,1
13-Oct-24,LOREAL ROMANIA S.R.L.,738,39066.84,46489.58,,0,2737.3445,18927,18189,1
14-Oct-24,LOREAL ROMANIA S.R.L.,512,27033.18,32169.2,,0,1299.7495,18189,17677,1
15-Oct-24,LOREAL ROMANIA S.R.L.,571,30368.46,36137.93,0,0,1455.5045,17677,17166,1
16-Oct-24,LOREAL ROMANIA S.R.L.,537,28087.65,33423.95,0,0,1706.7141,17166,16624,1
17-Oct-24,LOREAL ROMANIA S.R.L.,448,22252.67,26480.36,,0,1334.9213,16624,16152,1
18-Oct-24,LOREAL ROMANIA S.R.L.,477,26877.09,31983.45,2399.69,0.075029117,1707.9337,16152,19770,1
19-Oct-24,LOREAL ROMANIA S.R.L.,638,35014.09,41666.54,3267.73,0.078425758,2082.5092,19770,19132,1
20-Oct-24,LOREAL ROMANIA S.R.L.,714,40074.2,47688.19,4224.52,0.088586294,2023.4798,19132,18418,1
21-Oct-24,LOREAL ROMANIA S.R.L.,411,23500.99,27965.82,2444.72,0.087418141,1219.7046,18418,18013,1
22-Oct-24,LOREAL ROMANIA S.R.L.,517,28089.92,33426.72,2984.97,0.08929892,1357.3359,18013,17496,1
23-Oct-24,LOREAL ROMANIA S.R.L.,414,21470.34,25549.51,2129.1,0.083332322,1150.3576,17496,26114,0
24-Oct-24,LOREAL ROMANIA S.R.L.,474,26996.79,32126.05,2726.6,0.084871934,1427.5958,26114,24608,1
25-Oct-24,LOREAL ROMANIA S.R.L.,499,27008.15,32139.71,3406.16,0.105979799,917.2873,24608,24109,1
26-Oct-24,LOREAL ROMANIA S.R.L.,640,34633.54,41213.97,3340.45,0.081051401,2055.5897,24109,23471,1
27-Oct-24,LOREAL ROMANIA S.R.L.,676,36838.68,43837.33,3990.34,0.091026073,1744.1233,23471,22794,1
28-Oct-24,LOREAL ROMANIA S.R.L.,451,23541.36,28014.24,2411.38,0.086076938,1231.2848,22794,22812,1
29-Oct-24,LOREAL ROMANIA S.R.L.,458,23489.08,27952.1,2466.48,0.088239524,1196.3343,22812,22367,1
30-Oct-24,LOREAL ROMANIA S.R.L.,416,22281.45,26514.55,1849.03,0.069736428,1475.1141,22367,24229,0
31-Oct-24,LOREAL ROMANIA S.R.L.,475,25731,30619.7,2450.94,0.080044546,1441.1886,24229,23815,1
1-Nov-24,LOREAL ROMANIA S.R.L.,525,29060.8,34581.97,2863.03,0.082789673,1662.661,23815,23189,1
2-Nov-24,LOREAL ROMANIA S.R.L.,633,35318.4,42028.91,3426.09,0.08151746,1937.62,23189,22556,1
3-Nov-24,LOREAL ROMANIA S.R.L.,589,32272.48,38404.23,3319.93,0.086446988,1760.71,22556,21967,1
4-Nov-24,LOREAL ROMANIA S.R.L.,424,22116.66,26319.1,2258.9,0.085827403,1088.261,21967,21543,1
5-Nov-24,LOREAL ROMANIA S.R.L.,449,24165.74,28757.38,2615.12,0.090937352,1248.13,21543,21195,1
6-Nov-24,LOREAL ROMANIA S.R.L.,514,27225.94,32398.96,2925.04,0.09028191,1385.491,21195,25265,1
7-Nov-24,LOREAL ROMANIA S.R.L.,491,28041.64,33369.52,3275.48,0.09815784,1123.63,25265,24793,1
8-Nov-24,LOREAL ROMANIA S.R.L.,636,35023.7,41677.96,4171.54,0.100089832,1386.89,24793,24155,1
9-Nov-24,LOREAL ROMANIA S.R.L.,721,38425.15,45725.81,3949.69,0.086377693,1955.48,24155,23434,1
10-Nov-24,LOREAL ROMANIA S.R.L.,622,35211.33,41901.73,3734.27,0.089119709,1734.05,23434,22812,1
11-Nov-24,LOREAL ROMANIA S.R.L.,379,20610.63,24526.55,2086.95,0.085089424,1083.35,22812,22394,1
12-Nov-24,LOREAL ROMANIA S.R.L.,357,18839.48,22418.85,1914.15,0.085381275,940.32,22394,22039,1
13-Nov-24,LOREAL ROMANIA S.R.L.,436,23587.6,28069.19,2072.81,0.073846449,1480.65,22039,22526,1
14-Nov-24,LOREAL ROMANIA S.R.L.,426,21977.84,26153.69,2475.81,0.094663889,987.68,22526,22100,1
15-Nov-24,LOREAL ROMANIA S.R.L.,1318,61651.15,73364.93,30735.08,0.418934224,-14707.5686,22100,20782,1
16-Nov-24,LOREAL ROMANIA S.R.L.,1014,47708.11,56772.52,20371.98,0.358835225,-8775.797,20782,19768,1
17-Nov-24,LOREAL ROMANIA S.R.L.,1002,49662.49,59097.98,19113.03,0.323412577,-7930.743,19768,18766,1
18-Nov-24,LOREAL ROMANIA S.R.L.,920,42547.79,50631.79,16340.03,0.32272274,-7145.68,18766,17841,1
19-Nov-24,LOREAL ROMANIA S.R.L.,785,37764.65,44940.26,13737.74,0.30568893,-5673.14,17841,17035,1
20-Nov-24,LOREAL ROMANIA S.R.L.,766,36558.7,43505.14,12445.36,0.286066428,-4864.97,17035,16850,1
21-Nov-24,LOREAL ROMANIA S.R.L.,315,17098.1,20346.56,1192.44,0.058606467,1231.88,16850,17123,1
22-Nov-24,LOREAL ROMANIA S.R.L.,338,18590.21,22122.4,1687.6,0.076284671,1031.53,17123,16780,1
23-Nov-24,LOREAL ROMANIA S.R.L.,498,29214.14,34764.74,2645.76,0.076104697,1829.787,16780,16233,1
24-Nov-24,LOREAL ROMANIA S.R.L.,586,31756.54,37789.85,2467.65,0.06529928,2217.05,16233,15647,1
25-Nov-24,LOREAL ROMANIA S.R.L.,301,15577.54,18537.41,1356.59,0.073181205,970.81,15647,15229,1
26-Nov-24,LOREAL ROMANIA S.R.L.,376,20529.25,24430,1981.5,0.081109292,1197.7,15229,14852,1
27-Nov-24,LOREAL ROMANIA S.R.L.,367,19526.51,23236.46,1949.04,0.083878525,1089.33,14852,16087,1
28-Nov-24,LOREAL ROMANIA S.R.L.,353,19385.12,23068.46,1661.04,0.072004807,1239.464,16087,15733,1
29-Nov-24,LOREAL ROMANIA S.R.L.,343,18587.83,22119.41,1689.09,0.076362344,1104.25,15733,15429,1
30-Nov-24,LOREAL ROMANIA S.R.L.,549,28830.11,34307.84,2120.66,0.061812694,2107.06,15429,14881,1
1-Dec-24,LOREAL ROMANIA S.R.L.,459,27377.37,32578.94,1304.06,0.040027699,2667.28,14881,14422,1
2-Dec-24,LOREAL ROMANIA S.R.L.,358,19229.75,22883.16,2221.84,0.097094982,791.77,14422,14243,1
3-Dec-24,LOREAL ROMANIA S.R.L.,411,22824.31,27160.79,3154.71,0.11614942,587.044,14243,13832,1
4-Dec-24,LOREAL ROMANIA S.R.L.,454,24638.45,29319.79,2883.2,0.098336311,1006.78,13832,16594,1
5-Dec-24,LOREAL ROMANIA S.R.L.,479,27262.96,32442.68,3103.28,0.095654243,1228.166,16594,17217,1
6-Dec-24,LOREAL ROMANIA S.R.L.,416,22572.18,26861,2836.5,0.105599196,814.62,17217,16791,1
7-Dec-24,LOREAL ROMANIA S.R.L.,550,29130.91,34665.79,4543.21,0.131057449,365.167,16791,16241,1
8-Dec-24,LOREAL ROMANIA S.R.L.,718,37481.49,44602.74,5706.91,0.127949763,538.558,16241,15523,1
9-Dec-24,LOREAL ROMANIA S.R.L.,447,23698.31,28201.04,3927.46,0.139266495,101.127,15523,15076,1
10-Dec-24,LOREAL ROMANIA S.R.L.,452,23384.4,27827.26,2397.74,0.086165149,1181.605,15076,14638,1
11-Dec-24,LOREAL ROMANIA S.R.L.,521,27662.22,32917.95,5141.95,0.156205049,-264.965,14638,20033,1
12-Dec-24,LOREAL ROMANIA S.R.L.,589,30357.62,36125.5,4749.39,0.131469184,422.012,20033,19444,1
13-Dec-24,LOREAL ROMANIA S.R.L.,662,36654.97,43619.12,5091.58,0.116728169,1019.109,19444,18782,1
14-Dec-24,LOREAL ROMANIA S.R.L.,741,39986.36,47583.29,5866.42,0.123287398,766.229,18782,18041,1
15-Dec-24,LOREAL ROMANIA S.R.L.,849,44380.71,52812.33,6971.77,0.132010271,498.698,18041,17196,1
16-Dec-24,LOREAL ROMANIA S.R.L.,635,32562.3,38749.07,5421.04,0.139901164,232.9063,17196,16561,1
17-Dec-24,LOREAL ROMANIA S.R.L.,532,28811.63,34285.65,4162.74,0.121413478,694.879,16561,16029,1
18-Dec-24,LOREAL ROMANIA S.R.L.,646,35992.33,42830.75,5927.05,0.138383054,158.629,16029,15384,1
19-Dec-24,LOREAL ROMANIA S.R.L.,860,45366.66,53985.95,8807.15,0.163137816,-788.592,15384,23110,1
20-Dec-24,LOREAL ROMANIA S.R.L.,823,44083.64,52459.54,7954.86,0.151638005,-264.955,23110,22187,1
21-Dec-24,LOREAL ROMANIA S.R.L.,834,43835.64,52164.44,6714.06,0.128709519,638.269,22187,21354,1
22-Dec-24,LOREAL ROMANIA S.R.L.,827,46675.04,55542.97,7497.93,0.134993321,513.012,21354,20527,1
23-Dec-24,LOREAL ROMANIA S.R.L.,786,43542.72,51815.45,6921.55,0.133580814,466.09,20527,19741,1
24-Dec-24,LOREAL ROMANIA S.R.L.,325,20366.61,24235.91,3875.59,0.159911058,-224.123,19741,19416,1
25-Dec-24,LOREAL ROMANIA S.R.L.,,,,,0,0,19416,19416,0
26-Dec-24,LOREAL ROMANIA S.R.L.,,,,,0,0,19416,19416,0
27-Dec-24,LOREAL ROMANIA S.R.L.,684,37138.96,44195.08,6061.92,0.137162779,262.544,19416,18734,1
28-Dec-24,LOREAL ROMANIA S.R.L.,645,33123.18,39416.31,5425.69,0.137650886,179.261,18734,18090,1
29-Dec-24,LOREAL ROMANIA S.R.L.,730,39678.93,47217.98,5753.52,0.121850194,828.747,18090,17360,1
30-Dec-24,LOREAL ROMANIA S.R.L.,635,34040.44,40508,5547.52,0.136948751,290.281,17360,16725,1
31-Dec-24,LOREAL ROMANIA S.R.L.,241,12567.76,14955.51,2463,0.164688466,-180.46,16725,16483,1
1-Jan-25,LOREAL ROMANIA S.R.L.,,,,,0,0,16483,16483,0
2-Jan-25,LOREAL ROMANIA S.R.L.,,,,,0,0,16483,16483,0
3-Jan-25,LOREAL ROMANIA S.R.L.,618,34634.05,41214.19,,0,2349.608,16483,15865,1
4-Jan-25,LOREAL ROMANIA S.R.L.,621,32824.91,39061.57,,0,1429.787,15865,15245,1
5-Jan-25,LOREAL ROMANIA S.R.L.,589,31634.14,37644.59,,0,1220.435,15245,14656,1
6-Jan-25,LOREAL ROMANIA S.R.L.,681,35861.28,42674.49,,0,1046.625,14656,13974,1
7-Jan-25,LOREAL ROMANIA S.R.L.,654,33664.16,40060.13,,0,1094.8063,13974,13314,1
8-Jan-25,LOREAL ROMANIA S.R.L.,554,27396.82,32601.92,,0,569.76,13314,12778,1
9-Jan-25,LOREAL ROMANIA S.R.L.,486,25574.64,30433.42,,0,767.228,12778,13997,1
10-Jan-25,LOREAL ROMANIA S.R.L.,650,34522.07,41080.76,0,0,930.228,13997,13341,1
11-Jan-25,LOREAL ROMANIA S.R.L.,768,40182.12,47816.6,0,0,1657.604,13341,12573,1
12-Jan-25,LOREAL ROMANIA S.R.L.,737,38241.63,45507.59,0,0,1432.467,12573,11836,1
13-Jan-25,LOREAL ROMANIA S.R.L.,397,20565.37,24472.51,,0,810.834,11836,11452,1
14-Jan-25,LOREAL ROMANIA S.R.L.,510,25663.83,30539.73,,0,273.99,11452,10943,1
15-Jan-25,LOREAL ROMANIA S.R.L.,501,24832.06,29550.2,,0,400.815,10943,16709,1
16-Jan-25,LOREAL ROMANIA S.R.L.,721,36774.78,43761.47,,0,895.094,16709,15987,0
17-Jan-25,LOREAL ROMANIA S.R.L.,699,34521,41079.74,,0,844.474,15987,17168,1
18-Jan-25,LOREAL ROMANIA S.R.L.,976,50890.57,60559.07,,0,680.284,17168,16193,1
19-Jan-25,LOREAL ROMANIA S.R.L.,1014,50581.57,60191.6,,0,1322.438,16193,15179,1
20-Jan-25,LOREAL ROMANIA S.R.L.,615,29817.55,35482.59,0,0,539.414,15179,14599,1
21-Jan-25,LOREAL ROMANIA S.R.L.,584,29882.79,35560.3,3939.2,0.110775218,910.157,14599,18269,1
22-Jan-25,LOREAL ROMANIA S.R.L.,576,29511.75,35118.73,4032.27,0.114818218,756.911,18269,17693,0
23-Jan-25,LOREAL ROMANIA S.R.L.,558,30389.21,36162.88,3579.12,0.098972206,1275.461,17693,18237,1
24-Jan-25,LOREAL ROMANIA S.R.L.,682,34597.26,41170.3,4436.7,0.107764578,1101.484,18237,17555,1
25-Jan-25,LOREAL ROMANIA S.R.L.,733,38212.18,45472.06,5459.44,0.120061418,922.261,17555,16822,1
26-Jan-25,LOREAL ROMANIA S.R.L.,734,39530.75,47041.25,5012.25,0.106550102,1382.628,16822,16088,1
27-Jan-25,LOREAL ROMANIA S.R.L.,439,21715.68,25841.38,2645.61,0.10237882,821.834,16088,15649,1
28-Jan-25,LOREAL ROMANIA S.R.L.,471,24540.5,29202.79,2824.71,0.096727402,1058.944,15649,15273,1
29-Jan-25,LOREAL ROMANIA S.R.L.,438,22046.82,26235.5,2500,0.095290732,1015,15273,14835,1
30-Jan-25,LOREAL ROMANIA S.R.L.,462,24499.58,29154.12,2679.88,0.091921142,1196.217,14835,20367,1
31-Jan-25,LOREAL ROMANIA S.R.L.,540,29706.07,35350.02,3710.98,0.104978158,1239.607,20367,19827,1
1-Feb-25,LOREAL ROMANIA S.R.L.,657,34793.11,41403.36,2525.67,0.061001571,2955.8847,19827,19174,1
2-Feb-25,LOREAL ROMANIA S.R.L.,726,36627.85,43586.82,3479.88,0.079837896,2401.302,19174,18448,1
3-Feb-25,LOREAL ROMANIA S.R.L.,432,23231.12,27644.76,2036.74,0.073675445,1640.95,18448,18052,1
4-Feb-25,LOREAL ROMANIA S.R.L.,463,23808.27,28331.63,2221.87,0.078423656,1619.699,18052,17586,1
5-Feb-25,LOREAL ROMANIA S.R.L.,464,24884.08,29611.73,2136.77,0.07215958,1920.5224,17586,23480,1
6-Feb-25,LOREAL ROMANIA S.R.L.,472,24504.9,29160.5,2473,0.084806502,1467.867,23480,23008,0
7-Feb-25,LOREAL ROMANIA S.R.L.,614,31043.42,36941.21,3195.29,0.086496625,1965.435,23008,22482,1
8-Feb-25,LOREAL ROMANIA S.R.L.,739,40349.15,48014.91,3129.78,0.065183502,3166.662,22482,21736,1
9-Feb-25,LOREAL ROMANIA S.R.L.,818,44078.52,52453.16,3500.34,0.066732681,3419.33,21736,20919,1
10-Feb-25,LOREAL ROMANIA S.R.L.,549,27016.57,32149.31,2444.36,0.076031492,1926.121,20919,20553,1
11-Feb-25,LOREAL ROMANIA S.R.L.,602,29456.68,35053.16,2936.57,0.083774758,1822.486,20553,19951,1
12-Feb-25,LOREAL ROMANIA S.R.L.,561,29423.52,35013.61,3034.53,0.086667156,1884.648,19951,19395,1
13-Feb-25,LOREAL ROMANIA S.R.L.,600,30272.7,36023.85,2947.96,0.081833563,1840.08,19395,23145,1
14-Feb-25,LOREAL ROMANIA S.R.L.,698,37169.59,44231.61,6241.42,0.141107683,238.533,23145,22448,1
15-Feb-25,LOREAL ROMANIA S.R.L.,952,51414.27,61182.35,7851.65,0.128331945,980.538,22448,21496,1
16-Feb-25,LOREAL ROMANIA S.R.L.,838,44792.9,53302.97,6916.53,0.129758811,825.37,21496,20658,1
17-Feb-25,LOREAL ROMANIA S.R.L.,500,26261.75,31250.77,4484.73,0.143507824,58.221,20658,20157,1
18-Feb-25,LOREAL ROMANIA S.R.L.,520,27582.75,32823.11,4457.89,0.135815588,362.158,20157,19665,1
19-Feb-25,LOREAL ROMANIA S.R.L.,582,30897.65,36768.1,4858.4,0.132136281,439.879,19665,21301,1
20-Feb-25,LOREAL ROMANIA S.R.L.,630,34933.82,41570.78,6971.62,0.167704816,-324.258,21301,20659,1
21-Feb-25,LOREAL ROMANIA S.R.L.,628,34901.02,41531.53,6707.97,0.161515119,38.79,20659,20031,1
22-Feb-25,LOREAL ROMANIA S.R.L.,956,51522.95,61311.06,10620.5,0.173223232,-268.9601,20031,19076,1
23-Feb-25,LOREAL ROMANIA S.R.L.,1003,53653.05,63846.19,9805.31,0.153577058,230.342,19076,18073,1
24-Feb-25,LOREAL ROMANIA S.R.L.,497,25837.49,30746.44,4218.06,0.137188566,253.256,18073,17575,1
25-Feb-25,LOREAL ROMANIA S.R.L.,665,38314.91,45594.69,6093.81,0.133651748,404.676,17575,20504,1
26-Feb-25,LOREAL ROMANIA S.R.L.,666,35789.56,42589.5,5533.29,0.12992146,622.426,20504,19838,1
27-Feb-25,LOREAL ROMANIA S.R.L.,650,33567.61,39945.46,5496.04,0.137588602,-418.746,19838,19188,1
28-Feb-25,LOREAL ROMANIA S.R.L.,1462,80792.01,96140.63,5639.57,0.058659591,1791.194,19188,18526,1
1-Mar-25,LOREAL ROMANIA S.R.L.,656,39447.3,46942.13,3352.37,0.071414953,2772.507,18526,17870,1
2-Mar-25,LOREAL ROMANIA S.R.L.,731,43235.33,51449.78,3980.22,0.077361264,2853.956,17870,17139,1
3-Mar-25,LOREAL ROMANIA S.R.L.,443,26819.76,31915.51,2960.99,0.092775895,1408.016,17139,16696,1
4-Mar-25,LOREAL ROMANIA S.R.L.,400,23874.82,28410.74,2376.63,0.08365252,1472.536,16696,16296,1
5-Mar-25,LOREAL ROMANIA S.R.L.,458,27091.4,32239.01,2703.99,0.083873233,1651.74,16296,20866,1
6-Mar-25,LOREAL ROMANIA S.R.L.,583,34923.36,41558.51,4629.5,0.11139716,1178.926,20866,20263,1
7-Mar-25,LOREAL ROMANIA S.R.L.,624,38010.39,45232.31,3940.19,0.087110077,2204.716,20263,19639,1
8-Mar-25,LOREAL ROMANIA S.R.L.,691,44609,53084.27,4889.72,0.092112409,2349.426,19639,18948,1
9-Mar-25,LOREAL ROMANIA S.R.L.,673,39637.04,47168.07,3345.93,0.070936335,2754.29,18948,18276,1
10-Mar-25,LOREAL ROMANIA S.R.L.,484,28642.58,34084.64,3383.05,0.099254386,1257.5,18276,17793,1
11-Mar-25,LOREAL ROMANIA S.R.L.,461,27534.69,32766.09,2724.91,0.083162501,1603.152,17793,17338,1
12-Mar-25,LOREAL ROMANIA S.R.L.,524,29933.51,35620.72,2635.28,0.07398166,2019.316,17338,20094,1
13-Mar-25,LOREAL ROMANIA S.R.L.,446,25947.24,30877.16,2701.74,0.087499628,1360.78,20094,19646,1
14-Mar-25,LOREAL ROMANIA S.R.L.,646,37232.57,44306.82,3496.59,0.078917647,2292.572,19646,19000,1
15-Mar-25,LOREAL ROMANIA S.R.L.,691,40300.04,47956.67,4027.83,0.083988943,2315.712,19000,18309,1
16-Mar-25,LOREAL ROMANIA S.R.L.,775,45939.28,54667.62,4021.88,0.073569693,3134.452,18309,17534,1
17-Mar-25,LOREAL ROMANIA S.R.L.,438,25197.05,29984.55,2858.47,0.095331429,1152.8288,17534,17225,1
18-Mar-25,LOREAL ROMANIA S.R.L.,481,28104.29,33443.88,2740.12,0.081931881,1607.456,17225,16775,1
19-Mar-25,LOREAL ROMANIA S.R.L.,458,26492.36,31525.92,2945.07,0.093417417,1214.542,16775,19994,1
20-Mar-25,LOREAL ROMANIA S.R.L.,448,26358.78,31366.85,2269.65,0.072358238,1775.0906,19994,18411,1
21-Mar-25,LOREAL ROMANIA S.R.L.,432,25713.62,30599.38,2539.62,0.082995799,1455.2312,18411,18193,1
22-Mar-25,LOREAL ROMANIA S.R.L.,618,37865.18,45059.35,3128.17,0.069423327,2707.5224,18193,17575,1
23-Mar-25,LOREAL ROMANIA S.R.L.,652,38106.79,45347.33,3496.69,0.07710906,2399.1332,17575,16924,1
24-Mar-25,LOREAL ROMANIA S.R.L.,423,25696.92,30579.03,2254.38,0.073723071,1707.1596,16924,16388,1
25-Mar-25,LOREAL ROMANIA S.R.L.,402,23531.75,28002.66,2014.34,0.071933881,1555.08,16388,14889,1
26-Mar-25,LOREAL ROMANIA S.R.L.,334,19878.81,23655.7,1933.8,0.081747739,1209.5712,14889,15085,0
27-Mar-25,LOREAL ROMANIA S.R.L.,387,23409.43,27856.95,2606.05,0.09355116,1101.7678,15085,20889,1
28-Mar-25,LOREAL ROMANIA S.R.L.,370,21274.12,25316.39,2346.61,0.092691336,1092.6712,20889,20519,1
29-Mar-25,LOREAL ROMANIA S.R.L.,523,31946.71,38016.73,3492.77,0.091874551,1566.2518,20519,19996,1
30-Mar-25,LOREAL ROMANIA S.R.L.,609,36507.39,43443.67,3398.83,0.078235333,2200.706,19996,19387,1
31-Mar-25,LOREAL ROMANIA S.R.L.,387,22221.77,26443.64,2133.76,0.080690858,1389.686,19387,19030,1
1-Apr-25,LOREAL ROMANIA S.R.L.,382,22304.18,26541.8,2165.08,0.081572463,1380.926,19030,18647,1
2-Apr-25,LOREAL ROMANIA S.R.L.,416,23418.59,27867.79,2329.71,0.083598664,1415.3812,18647,21375,0
3-Apr-25,LOREAL ROMANIA S.R.L.,412,24360.61,28989.11,2384.89,0.082268479,1457.7206,21375,20972,1
4-Apr-25,LOREAL ROMANIA S.R.L.,473,26296.69,31292.96,2918.04,0.093249089,1433.67,20972,20499,1
5-Apr-25,LOREAL ROMANIA S.R.L.,679,40193.28,47829.24,3702.26,0.077405788,2657.8564,20499,19822,1
6-Apr-25,LOREAL ROMANIA S.R.L.,607,35593.73,42355.99,3488.01,0.082349864,2395.6076,19822,19215,1
7-Apr-25,LOREAL ROMANIA S.R.L.,433,25268.83,30069.99,2629.01,0.087429693,1495.666,19215,18762,1
8-Apr-25,LOREAL ROMANIA S.R.L.,468,26028.68,30974.11,3016.39,0.097384235,1311.5212,18762,18360,1
9-Apr-25,LOREAL ROMANIA S.R.L.,472,26420.99,31440.87,2284.13,0.072648435,1837.0662,18360,22290,1
10-Apr-25,LOREAL ROMANIA S.R.L.,411,23079.99,27465.04,2845.46,0.10360298,914.8306,22290,22330,1
11-Apr-25,LOREAL ROMANIA S.R.L.,538,32239.27,38364.5,3971.5,0.103520181,1458.7476,22330,21432,1
12-Apr-25,LOREAL ROMANIA S.R.L.,695,40520.68,48219.55,5010.95,0.103919468,1869.1796,21432,20736,1
13-Apr-25,LOREAL ROMANIA S.R.L.,706,41161.81,48982.69,4642.31,0.094774501,2098.8846,20736,19030,1
14-Apr-25,LOREAL ROMANIA S.R.L.,577,33181.93,39486.5,3489.5,0.088371975,1788.8668,19030,18453,0
15-Apr-25,LOREAL ROMANIA S.R.L.,678,38553.18,45878.11,4860.89,0.105952272,1566.8372,18453,17776,1
16-Apr-25,LOREAL ROMANIA S.R.L.,635,35332.52,42045.5,4335,0.103102591,1497.8724,17776,20039,1
17-Apr-25,LOREAL ROMANIA S.R.L.,708,39344.35,46819.75,4813.75,0.102814517,1665.9878,20039,19331,1
18-Apr-25,LOREAL ROMANIA S.R.L.,522,28208.93,33568.47,3357.03,0.100005452,1229.4424,19331,18809,0
19-Apr-25,LOREAL ROMANIA S.R.L.,157,10023.65,11927.9,945.6,0.079276319,588.2406,18809,18652,0
20-Apr-25,LOREAL ROMANIA S.R.L.,,,,,0,0,18652,18652,0
21-Apr-25,LOREAL ROMANIA S.R.L.,,,,,0,0,18652,18652,0
22-Apr-25,LOREAL ROMANIA S.R.L.,688,40128.26,47752.36,2668.65,0.055885196,3224.2477,18652,17965,1
23-Apr-25,LOREAL ROMANIA S.R.L.,706,43729.89,52038.09,2832.91,0.054439162,3724.7364,17965,17486,1
24-Apr-25,LOREAL ROMANIA S.R.L.,521,31378.15,37340,2026.5,0.054271559,2514.5202,17486,19402,1
25-Apr-25,LOREAL ROMANIA S.R.L.,577,35545.91,42299.49,2116.51,0.050036301,3162.5268,19402,18819,1
26-Apr-25,LOREAL ROMANIA S.R.L.,617,36651.74,43615.32,2709.68,0.062126794,2756.484,18819,18202,1
27-Apr-25,LOREAL ROMANIA S.R.L.,658,38241.65,45507.42,2721.08,0.059794205,2843.991,18202,17544,0
28-Apr-25,LOREAL ROMANIA S.R.L.,470,27203.92,32372.26,1917.23,0.059224472,2129.34,17544,17074,1
29-Apr-25,LOREAL ROMANIA S.R.L.,526,30658.94,36483.75,2105.25,0.057703772,2422.205,17074,17103,1
30-Apr-25,LOREAL ROMANIA S.R.L.,595,35228.06,41921.01,1866.49,0.044523975,3151.76,17103,19503,1
1-May-25,LOREAL ROMANIA S.R.L.,527,31390.29,37354.33,5101.67,0.136575064,309.355,19503,18976,0
2-May-25,LOREAL ROMANIA S.R.L.,619,37182.94,44247.43,5640.57,0.127477912,732.778,18976,18357,1
3-May-25,LOREAL ROMANIA S.R.L.,587,34443.25,40987.28,4958.71,0.12098168,771.985,18357,17771,1
4-May-25,LOREAL ROMANIA S.R.L.,740,43442.45,51696.16,7070.36,0.136767605,438.3301,17771,17033,1
5-May-25,LOREAL ROMANIA S.R.L.,527,32072.53,38166.05,5480.45,0.143594897,118.925,17033,16505,1
6-May-25,LOREAL ROMANIA S.R.L.,504,28424.51,33824.96,4760.54,0.140740447,123.375,16505,16872,1
7-May-25,LOREAL ROMANIA S.R.L.,517,30596.91,36409.84,4717.16,0.129557285,534.421,16872,33208,1
8-May-25,LOREAL ROMANIA S.R.L.,562,32833.48,39071.55,5368.35,0.137397928,306.346,33208,32596,1
9-May-25,LOREAL ROMANIA S.R.L.,676,39962.71,47555.52,7160.07,0.150562332,-69.094,32596,31910,1
10-May-25,LOREAL ROMANIA S.R.L.,879,51878.39,61734.82,8691.18,0.140782463,325.231,31910,31017,1
11-May-25,LOREAL ROMANIA S.R.L.,834,46675.44,55543.45,8712.05,0.156851078,-466.97,31017,30183,1
12-May-25,LOREAL ROMANIA S.R.L.,544,30502.68,36298.03,5293.97,0.145847309,2.57,30183,29592,1
13-May-25,LOREAL ROMANIA S.R.L.,588,31825.77,37872.48,5727.97,0.151243594,-139.595,29592,29106,1
14-May-25,LOREAL ROMANIA S.R.L.,680,32716.59,38932.68,5989.24,0.153835801,-200.4746,29106,32859,0
15-May-25,LOREAL ROMANIA S.R.L.,809,37821.52,45007.48,7407.94,0.16459353,-472.1361,32859,32806,1
16-May-25,LOREAL ROMANIA S.R.L.,670,32697.27,38909.5,6222.4,0.159919814,-431.2131,32806,32136,0
17-May-25,LOREAL ROMANIA S.R.L.,987,47056.17,55996.53,9291.02,0.165921353,-831.4152,32136,31149,1
18-May-25,LOREAL ROMANIA S.R.L.,995,49201.25,58549.19,8686.28,0.148358671,-138.8205,31149,30154,1
19-May-25,LOREAL ROMANIA S.R.L.,573,26940.8,32059.19,4776.75,0.148997838,-62.2351,30154,29581,0
20-May-25,LOREAL ROMANIA S.R.L.,662,32637.93,38838.73,5602.83,0.144258836,121.9999,29581,29419,1
21-May-25,LOREAL ROMANIA S.R.L.,673,32162.44,38273.28,5524.06,0.144332025,142.4866,29419,32191,1
22-May-25,LOREAL ROMANIA S.R.L.,607,27793.5,33074.16,4870.87,0.147271163,10.9728,32191,31585,1
23-May-25,LOREAL ROMANIA S.R.L.,686,31485.2,37467.04,6716.17,0.17925542,-809.1652,31585,30900,1
24-May-25,LOREAL ROMANIA S.R.L.,660,35586.44,42347.75,6278.33,0.148256519,42.8628,30900,30239,1
25-May-25,LOREAL ROMANIA S.R.L.,696,38254.42,45522.24,5358.32,0.11770774,827.2758,30239,29543,1
26-May-25,LOREAL ROMANIA S.R.L.,398,21339.53,25394.13,3352.21,0.132007279,319.9677,29543,29261,0
27-May-25,LOREAL ROMANIA S.R.L.,514,26885.96,31994.14,4585.39,0.143319683,103.3494,29261,28751,1
28-May-25,LOREAL ROMANIA S.R.L.,508,26187.34,31163.12,4642.89,0.148986687,-83.2964,28751,31936,1
29-May-25,LOREAL ROMANIA S.R.L.,516,27397.67,32603.15,5051.36,0.154934723,-204.4135,31936,31231,1
30-May-25,LOREAL ROMANIA S.R.L.,492,27110.01,32261.07,4722.38,0.146380142,1.6753,31231,30733,1
31-May-25,LOREAL ROMANIA S.R.L.,817,43260.91,51480.72,7736.09,0.150271597,-299.5829,30733,29916,1
1-Jun-25,LOREAL ROMANIA S.R.L.,720,37728.92,44897.17,6826.32,0.152043436,-26.332,29916,29196,1
2-Jun-25,LOREAL ROMANIA S.R.L.,678,35765.71,42561.17,6837.22,0.16064455,-431.483,29196,28567,1
3-Jun-25,LOREAL ROMANIA S.R.L.,791,37928.97,45135.24,8372.67,0.185501838,-1240.5121,28567,29386,0
4-Jun-25,LOREAL ROMANIA S.R.L.,720,35961.6,42794.23,7896.94,0.184532821,-1159.822,29386,28666,0
5-Jun-25,LOREAL ROMANIA S.R.L.,837,40545.34,48248.41,9669.01,0.200400594,-1863.182,28666,31836,0
6-Jun-25,LOREAL ROMANIA S.R.L.,979,48220.12,57381.84,11407.64,0.198802269,-2214.1093,31836,30857,1
7-Jun-25,LOREAL ROMANIA S.R.L.,925,46697.03,55569.64,11179.89,0.201187015,-1976.8579,30857,29931,1
8-Jun-25,LOREAL ROMANIA S.R.L.,1016,51420.31,61190.38,12105.36,0.197831097,-2074.7478,29931,28915,1
9-Jun-25,LOREAL ROMANIA S.R.L.,511,24556.75,29222.41,5358.13,0.183356883,-757.4451,28915,28404,0
10-Jun-25,LOREAL ROMANIA S.R.L.,756,39049.02,46468.13,7727.15,0.16628924,-601.9291,28404,27719,1
11-Jun-25,LOREAL ROMANIA S.R.L.,779,42925.01,51080.66,8095.88,0.158492079,-267.7252,27719,27306,1
12-Jun-25,LOREAL ROMANIA S.R.L.,782,45291.44,53896.98,9163.02,0.170009897,-661.3273,27306,27265,1
13-Jun-25,LOREAL ROMANIA S.R.L.,733,41817.67,49762.53,7603.47,0.152795085,18.3178,27265,25532,1
14-Jun-25,LOREAL ROMANIA S.R.L.,960,55732.28,66321.63,10197.87,0.153763863,-228.6524,25532,24622,1
15-Jun-25,LOREAL ROMANIA S.R.L.,1063,60449.46,71934.19,11308.81,0.1572105,-347.522,24622,23559,1
16-Jun-25,LOREAL ROMANIA S.R.L.,698,40219.93,47861.86,6488.65,0.135570369,40219.93,23559,22934,1
17-Jun-25,LOREAL ROMANIA S.R.L.,716,40843.91,48604.11,7308.89,0.150375966,-66.3213,22934,22218,1
18-Jun-25,LOREAL ROMANIA S.R.L.,768,44566.32,53034.01,7813.49,0.147329798,3.7207,22218,27120,1
19-Jun-25,LOREAL ROMANIA S.R.L.,692,38555.29,45880.31,8390.19,0.182871258,-1193.7548,27120,26427,1
20-Jun-25,LOREAL ROMANIA S.R.L.,766,44532.37,52992.78,10084.72,0.19030366,-1571.6135,26427,24197,1
21-Jun-25,LOREAL ROMANIA S.R.L.,890,50252.93,59800.29,11316.2,0.189233196,-1829.1381,24197,23307,1
22-Jun-25,LOREAL ROMANIA S.R.L.,870,50329.53,59891.64,10889.87,0.181826211,-1512.845,23307,22438,1
23-Jun-25,LOREAL ROMANIA S.R.L.,601,34295.78,40811.67,7307.33,0.179050012,-969.1882,22438,22307,1
24-Jun-25,LOREAL ROMANIA S.R.L.,552,30738.65,36578.66,6389.86,0.174688193,-806.3023,22307,21741,1
25-Jun-25,LOREAL ROMANIA S.R.L.,551,32324.08,38465.49,6052.51,0.157349094,-375.4993,21741,22416,1
26-Jun-25,LOREAL ROMANIA S.R.L.,594,33010.79,39282.72,6618.28,0.16847815,-596.9592,22416,26856,0
27-Jun-25,LOREAL ROMANIA S.R.L.,567,31566.25,37563.67,5299.83,0.141089249,83.6357,26856,26289,1
28-Jun-25,LOREAL ROMANIA S.R.L.,726,40952.8,48733.12,6962.38,0.14286752,118.0123,26289,25563,0
29-Jun-25,LOREAL ROMANIA S.R.L.,726,42255.53,50283.52,7851.88,0.156152155,-388.267,25563,24837,1
30-Jun-25,LOREAL ROMANIA S.R.L.,558,31792.83,37833.05,5861.95,0.15494257,-108.4448,24837,24279,1
1-Jul-25,LOREAL ROMANIA S.R.L.,541,32747.19,38968.63,4449.37,0.114178251,876.8316,24279,23742,1
2-Jul-25,LOREAL ROMANIA S.R.L.,610,34192.9,40688.93,4380.11,0.10764869,1093.9967,23742,26180,0
3-Jul-25,LOREAL ROMANIA S.R.L.,638,37657.2,44811.5,5214.56,0.116366558,981.1809,26180,25659,1
4-Jul-25,LOREAL ROMANIA S.R.L.,702,36852.84,43854.48,5248.36,0.119676713,811.0737,25659,24945,0
5-Jul-25,LOREAL ROMANIA S.R.L.,833,43057.05,51237.49,5972.12,0.116557622,1129.3551,24945,24145,1
6-Jul-25,LOREAL ROMANIA S.R.L.,931,48332.38,57514.6,6496.14,0.112947669,1403.2867,24145,23269,1
7-Jul-25,LOREAL ROMANIA S.R.L.,532,27782.71,33060.81,3648.6,0.110360272,879.04,23269,22737,1
8-Jul-25,LOREAL ROMANIA S.R.L.,703,32828.78,39065.55,4765.16,0.121978572,707.2517,22737,22034,1
9-Jul-25,LOREAL ROMANIA S.R.L.,736,31304.77,37252.31,4463.84,0.1198272,738.8665,22034,24073,0
10-Jul-25,LOREAL ROMANIA S.R.L.,840,38195.51,45452.25,4739.99,0.104285046,1349.7025,24073,23558,1
11-Jul-25,LOREAL ROMANIA S.R.L.,789,34538.19,41100.12,4785.92,0.116445402,849.9201,23558,22774,1
12-Jul-25,LOREAL ROMANIA S.R.L.,840,43503.49,51768.4,5897.99,0.113930313,1186.2074,22774,21934,1
13-Jul-25,LOREAL ROMANIA S.R.L.,857,45984.76,54720.83,6728.47,0.12295994,861.5497,21934,21077,0
14-Jul-25,LOREAL ROMANIA S.R.L.,669,34934.74,41571.68,4403.33,0.105921387,1205.7745,21077,20408,1
15-Jul-25,LOREAL ROMANIA S.R.L.,698,37763.13,44937.4,4739.5,0.105468941,1278.1565,20408,19921,1
16-Jul-25,LOREAL ROMANIA S.R.L.,725,38362.36,45650.88,4919.52,0.107763969,1249.4993,19921,23100,1
17-Jul-25,LOREAL ROMANIA S.R.L.,590,30332.17,36094.75,4064.62,0.112609729,834.048,23100,22524,0
18-Jul-25,LOREAL ROMANIA S.R.L.,721,39632.49,47162.19,5229.76,0.110888829,1228.4696,22524,21811,1
19-Jul-25,LOREAL ROMANIA S.R.L.,656,35289.18,41993.57,5031.21,0.119809056,787.0186,21811,21155,1
20-Jul-25,LOREAL ROMANIA S.R.L.,710,39321.01,46791.4,5420.89,0.115852272,990.6818,21155,20475,1
21-Jul-25,LOREAL ROMANIA S.R.L.,532,29692.3,35333.15,3773.85,0.10680763,1049.8961,20475,20247,1
22-Jul-25,LOREAL ROMANIA S.R.L.,522,30618.98,36436.1,4137.4,0.113552219,913.9665,20247,19795,1
23-Jul-25,LOREAL ROMANIA S.R.L.,567,28524.78,33944.05,3164.11,0.093215453,1310.532,19795,21500,1
24-Jul-25,LOREAL ROMANIA S.R.L.,645,32439.91,38602.83,3895.5,0.100912291,1285.123,21500,20863,1
25-Jul-25,LOREAL ROMANIA S.R.L.,613,30068.2,35780.5,4407.49,0.123181342,631.938,20863,20251,1
26-Jul-25,LOREAL ROMANIA S.R.L.,773,39094.18,46521.75,4739.87,0.101885032,1495.407,20251,19503,1
27-Jul-25,LOREAL ROMANIA S.R.L.,652,37131.78,44186.53,5377.47,0.121699305,722.54,19503,18851,1
28-Jul-25,LOREAL ROMANIA S.R.L.,524,29921.85,35606.8,4038.7,0.113424964,1075.0381,18851,18327,1
29-Jul-25,LOREAL ROMANIA S.R.L.,485,27424.53,32634.58,3457.92,0.105958771,1140.195,18327,17841,0
30-Jul-25,LOREAL ROMANIA S.R.L.,2419,174005.55,207064.15,3700.65,0.017871998,4450.423,17841,19657,0
31-Jul-25,LOREAL ROMANIA S.R.L.,1068,68712.29,81767.05,4530.55,0.055408016,2308.8686,19657,18590,1
1-Aug-25,LOREAL ROMANIA S.R.L.,502,28982.28,35068.03,2427.67,0.069227442,1671.331,18590,18508,1
2-Aug-25,LOREAL ROMANIA S.R.L.,581,32699.76,39566.55,2699.45,0.068225559,1896.7996,18508,17928,1
3-Aug-25,LOREAL ROMANIA S.R.L.,588,33599.26,40654.92,2725.58,0.067041824,1922.115,17928,17326,1
4-Aug-25,LOREAL ROMANIA S.R.L.,427,24023.21,29067.9,2066.3,0.071085287,1304.0395,17326,17014,0
5-Aug-25,LOREAL ROMANIA S.R.L.,470,25874.04,31307.33,2279.17,0.072799884,1352.0055,17014,21144,1
6-Aug-25,LOREAL ROMANIA S.R.L.,462,26778.5,32401.8,2255.2,0.069601072,1633.1362,21144,20682,1
7-Aug-25,LOREAL ROMANIA S.R.L.,476,27196.22,32907.09,2067.91,0.062840865,1739.3542,20682,20217,1
8-Aug-25,LOREAL ROMANIA S.R.L.,570,33703.46,40780.49,2598.01,0.06370718,2153.014,20217,19668,0
9-Aug-25,LOREAL ROMANIA S.R.L.,649,37897.12,45855.03,2555.97,0.055740232,2694.9199,19668,19019,0
10-Aug-25,LOREAL ROMANIA S.R.L.,599,35014.3,42366.54,2436.96,0.057520864,2420.062,19019,18420,1
11-Aug-25,LOREAL ROMANIA S.R.L.,511,29326.91,35485.1,2375.4,0.066940772,1797.9692,18420,17915,1
12-Aug-25,LOREAL ROMANIA S.R.L.,447,26033.63,31500.09,2049.91,0.065076322,1576.8504,17915,17468,1
13-Aug-25,LOREAL ROMANIA S.R.L.,477,27741.7,33566.78,2753.72,0.082037062,1364.2254,17468,19675,1
14-Aug-25,LOREAL ROMANIA S.R.L.,553,31178.04,37725.07,2671.93,0.070826376,1752.0785,19675,19124,0
15-Aug-25,LOREAL ROMANIA S.R.L.,577,33789.01,40884.1,2614.4,0.06394662,2049.7727,19124,18547,0
16-Aug-25,LOREAL ROMANIA S.R.L.,487,28235.71,34164.75,1923.75,0.056308037,1963.307,18547,18060,0
17-Aug-25,LOREAL ROMANIA S.R.L.,467,25772.88,31184.46,1863.54,0.059758611,1689.251,18060,17593,1
18-Aug-25,LOREAL ROMANIA S.R.L.,426,25103.17,30374.35,1390.65,0.045783696,1931.791,17593,17016,1
19-Aug-25,LOREAL ROMANIA S.R.L.,408,23250.76,28132.9,1362.1,0.048416623,1782.36,17016,16610,1
20-Aug-25,LOREAL ROMANIA S.R.L.,437,26699.3,32306.07,1634.43,0.05059204,2018.1308,16610,19210,0
21-Aug-25,LOREAL ROMANIA S.R.L.,429,24024.96,29069.84,1625.66,0.055922564,1695.7932,19210,18701,1
22-Aug-25,LOREAL ROMANIA S.R.L.,436,25239.88,30539.98,1468.02,0.048068794,1962.3965,18701,18265,1
23-Aug-25,LOREAL ROMANIA S.R.L.,531,31605.15,38241.67,1862.83,0.048712046,2466.9861,18265,17734,1
24-Aug-25,LOREAL ROMANIA S.R.L.,614,35353.36,42776.67,2088.83,0.048831057,2689.1089,17734,17120,1
25-Aug-25,LOREAL ROMANIA S.R.L.,390,22635.7,27388.99,1332.01,0.048633046,1685.8619,17120,16730,0
26-Aug-25,LOREAL ROMANIA S.R.L.,411,23698.95,28675.31,839.19,0.029265246,2226.006,16730,16369,1
27-Aug-25,LOREAL ROMANIA S.R.L.,381,22280.17,26958.39,916.11,0.033982371,2073,16369,15933,1
28-Aug-25,LOREAL ROMANIA S.R.L.,359,21177.54,25626.68,919.82,0.035893061,1911.263,15933,18419,0
29-Aug-25,LOREAL ROMANIA S.R.L.,438,26900.49,32549,974,0.029924114,2659.1509,18419,17921,1
30-Aug-25,LOREAL ROMANIA S.R.L.,463,26595.19,32179.86,1217.14,0.037823036,2272.9109,17921,17458,1
31-Aug-25,LOREAL ROMANIA S.R.L.,464,26616.35,32205.34,981.16,0.030465755,2445.5159,17458,16994,1
1-Sep-25,LOREAL ROMANIA S.R.L.,,,,,0,0,16994,16744,1
2-Sep-25,LOREAL ROMANIA S.R.L.,383,21984.64,26601.13,1873.06,0.070412798,1484.878,16744,18923,1
3-Sep-25,LOREAL ROMANIA S.R.L.,459,25264.58,30569.84,2052.28,0.067134143,1777.425,18923,18465,1
4-Sep-25,LOREAL ROMANIA S.R.L.,445,24485.18,29626.66,2121.44,0.071605777,1593.249,18465,18020,1
5-Sep-25,LOREAL ROMANIA S.R.L.,516,26099.92,31580.73,2577.55,0.081617809,1459.755,18020,17519,1
6-Sep-25,LOREAL ROMANIA S.R.L.,538,31643.85,38288.24,2483.36,0.064859602,2171.9429,17519,16995,1
7-Sep-25,LOREAL ROMANIA S.R.L.,661,36489.2,44151.36,3491.44,0.079078878,2036.3219,16995,16334,1
8-Sep-25,LOREAL ROMANIA S.R.L.,419,22600.03,27345.6,2131.53,0.077947823,1265.989,16334,15916,1
9-Sep-25,LOREAL ROMANIA S.R.L.,460,23660.57,28628.9,2208.39,0.077138486,1317.65,15916,15456,1
10-Sep-25,LOREAL ROMANIA S.R.L.,401,21493.99,26007.21,1754.44,0.067459754,1382.1929,15456,18093,1
11-Sep-25,LOREAL ROMANIA S.R.L.,421,20969.73,25373.07,2485.15,0.097944395,879.57,18093,17668,1
12-Sep-25,LOREAL ROMANIA S.R.L.,485,25174.12,30460.39,2591.82,0.085088208,1269.519,17668,17264,0
13-Sep-25,LOREAL ROMANIA S.R.L.,666,35880.54,43414.86,3502.34,0.080671457,1951.5769,17264,16597,1
14-Sep-25,LOREAL ROMANIA S.R.L.,707,37543.92,45427.44,3840.91,0.084550439,1891.85,16597,15890,1
15-Sep-25,LOREAL ROMANIA S.R.L.,573,30152.34,36483.91,2637.78,0.072299817,1885.854,15890,15337,1
16-Sep-25,LOREAL ROMANIA S.R.L.,474,24428.6,29558.12,2186.8,0.073983054,1521.125,15337,14865,1
17-Sep-25,LOREAL ROMANIA S.R.L.,415,21918.61,26520.97,1712.16,0.064558725,1597.764,14865,16757,0
18-Sep-25,LOREAL ROMANIA S.R.L.,446,25065.12,30328.34,2192.28,0.072284866,1590.3369,16757,16322,1
19-Sep-25,LOREAL ROMANIA S.R.L.,386,20949.16,25348.28,1625.76,0.064136896,1496.374,16322,15936,0
20-Sep-25,LOREAL ROMANIA S.R.L.,432,24912.25,30143.48,2337.52,0.077546454,1537.271,15936,15504,1
21-Sep-25,LOREAL ROMANIA S.R.L.,503,26904.62,32554.52,2350.48,0.072201341,1645.401,15504,15001,1
22-Sep-25,LOREAL ROMANIA S.R.L.,378,20651.95,24988.48,1670.52,0.066851605,1372.4109,15001,14623,0
23-Sep-25,LOREAL ROMANIA S.R.L.,373,21151.81,25593.22,1669.78,0.06524306,1436.163,14623,14254,1
24-Sep-25,LOREAL ROMANIA S.R.L.,324,17587.64,21280.8,1602.7,0.075312018,1068.0608,14254,19803,1
25-Sep-25,LOREAL ROMANIA S.R.L.,348,19374.81,23443.16,1624.84,0.069309769,1324.4799,19803,19449,1
26-Sep-25,LOREAL ROMANIA S.R.L.,345,19534.63,23636.73,1455.27,0.061568161,1370.438,19449,19108,1
27-Sep-25,LOREAL ROMANIA S.R.L.,522,27661.93,33470.54,2233.86,0.06674108,1899.796,19108,18691,1
28-Sep-25,LOREAL ROMANIA S.R.L.,528,29363.11,35528.87,2237.63,0.062980613,2193.95,18691,18163,1
29-Sep-25,LOREAL ROMANIA S.R.L.,308,16378.6,19817.59,1559.41,0.078688176,950.162,18163,17855,1
30-Sep-25,LOREAL ROMANIA S.R.L.,471,25369.34,30696.42,2080.08,0.067762951,1660.6629,17855,17384,1
1-Oct-25,LOREAL ROMANIA S.R.L.,368,19846.03,24013.37,976.13,0.040649438,1803.4698,17384,17396,1
2-Oct-25,LOREAL ROMANIA S.R.L.,291,17005.06,20575.93,701.07,0.034072336,1798.251,17396,17105,1
3-Oct-25,LOREAL ROMANIA S.R.L.,271,14774.8,17877.15,987.35,0.055229721,1149.794,17105,16834,1
4-Oct-25,LOREAL ROMANIA S.R.L.,552,30911.05,37402.14,2176.86,0.058201483,2258.56,16834,16282,1
5-Oct-25,LOREAL ROMANIA S.R.L.,623,36303.63,43926.47,2583.53,0.058814879,2740.6678,16282,15655,1
6-Oct-25,LOREAL ROMANIA S.R.L.,334,18187.38,22006.47,1123.03,0.05103181,1446.379,15655,15329,1
7-Oct-25,LOREAL ROMANIA S.R.L.,222,12313.61,14899.34,707.66,0.047496064,1029.41,15329,15165,1
8-Oct-25,LOREAL ROMANIA S.R.L.,331,18313.05,22158.46,1175.54,0.053051521,1428.035,15165,19423,1
9-Oct-25,LOREAL ROMANIA S.R.L.,383,20416.5,24703.7,1225.31,0.049600262,1623.214,19423,19040,1
10-Oct-25,LOREAL ROMANIA S.R.L.,530,28435.57,34406.48,1779.02,0.051705958,2240.484,19040,18510,1
11-Oct-25,LOREAL ROMANIA S.R.L.,712,32918.23,39830.67,2127.37,0.053410349,2547.5525,18510,17798,1
12-Oct-25,LOREAL ROMANIA S.R.L.,757,33379.38,40388.34,1602.27,0.039671598,3038.2957,17798,17041,1
13-Oct-25,LOREAL ROMANIA S.R.L.,546,24256.73,29350.35,1412.89,0.048138779,2008.2966,17041,16496,1
14-Oct-25,LOREAL ROMANIA S.R.L.,499,21527.23,26047.38,1514.75,0.058153642,1611.3035,16496,16097,1
15-Oct-25,LOREAL ROMANIA S.R.L.,509,19910.04,24091.02,1292.49,0.053650281,1567.8168,16097,17968,1
16-Oct-25,LOREAL ROMANIA S.R.L.,562,22766.69,27547.34,1218.63,0.044237665,2070.9803,17968,21360,1
17-Oct-25,LOREAL ROMANIA S.R.L.,517,21069.86,25494.44,1474.23,0.057825549,1615.5065,21360,20843,1
18-Oct-25,LOREAL ROMANIA S.R.L.,544,27753.08,33580.65,1459.77,0.04347057,2447.7227,20843,20273,1
19-Oct-25,LOREAL ROMANIA S.R.L.,573,30735.1,37189.17,1473.53,0.039622557,2818.8419,20273,19701,1
20-Oct-25,LOREAL ROMANIA S.R.L.,372,20813.86,25184.34,1337.76,0.053118724,1638.192,19701,16090,1
21-Oct-25,LOREAL ROMANIA S.R.L.,370,19952.3,24141.86,1085.34,0.044956768,1752.873,16090,15720,1
22-Oct-25,LOREAL ROMANIA S.R.L.,339,18476.84,22356.54,1079.59,0.048289673,1535.2986,15720,17784,1
23-Oct-25,LOREAL ROMANIA S.R.L.,338,18372.89,22230.81,870.77,0.039169513,1687.6342,17784,17446,1
24-Oct-25,LOREAL ROMANIA S.R.L.,350,20677.93,25020.03,1169.56,0.046744948,1773.9651,17446,18410,1
25-Oct-25,LOREAL ROMANIA S.R.L.,457,25193.7,30483.77,1266.85,0.04155818,2275.5338,18410,17953,1
26-Oct-25,LOREAL ROMANIA S.R.L.,469,26754.01,32372.02,1398.14,0.043189767,2424.5912,17953,17483,1
27-Oct-25,LOREAL ROMANIA S.R.L.,318,18164.84,21979.38,939.28,0.042734599,1604.2384,17483,17162,1
28-Oct-25,LOREAL ROMANIA S.R.L.,273,14331.11,17340.37,743.32,0.042866444,1279.2782,17162,18977,1
29-Oct-25,LOREAL ROMANIA S.R.L.,292,14881.67,18006.53,688.03,0.038210027,1384.3694,18977,23436,1
30-Oct-25,LOREAL ROMANIA S.R.L.,313,17404.58,21059.41,906.18,0.043029696,1521.9692,23436,23139,1
31-Oct-25,LOREAL ROMANIA S.R.L.,364,20374.72,24653.06,1049.51,0.042571186,1914.6996,23139,22775,0
1-Nov-25,LOREAL ROMANIA S.R.L.,519,28315.34,34261.03,2021.47,0.059002021,2140.906,22775,22256,1
2-Nov-25,LOREAL ROMANIA S.R.L.,555,30943.8,37441.55,2514.95,0.067170029,2138.693,22256,21702,1
3-Nov-25,LOREAL ROMANIA S.R.L.,383,21360.25,25845.58,1888.42,0.073065491,1361.911,21702,21300,1
4-Nov-25,LOREAL ROMANIA S.R.L.,335,18214.14,22038.74,1685.96,0.076499836,1142.294,21300,20965,1
5-Nov-25,LOREAL ROMANIA S.R.L.,445,23621.29,28581.31,2404.69,0.084135052,1316.038,20965,22406,0
6-Nov-25,LOREAL ROMANIA S.R.L.,371,19667.21,23796.67,1717.33,0.07216682,1277.8048,22406,22036,1
7-Nov-25,LOREAL ROMANIA S.R.L.,410,21760.57,26329.82,2001.68,0.076023307,1354.044,22036,21626,1
8-Nov-25,LOREAL ROMANIA S.R.L.,564,31769.58,38440.42,2274.38,0.059166367,2434.737,21626,21062,1
9-Nov-25,LOREAL ROMANIA S.R.L.,508,27532.4,33313.79,2359.71,0.070832829,1770.7209,21062,20554,1
10-Nov-25,LOREAL ROMANIA S.R.L.,297,16930.77,20485.94,853.56,0.04166565,1510.966,20554,20256,1
11-Nov-25,LOREAL ROMANIA S.R.L.,355,18274.58,22111.77,1217.22,0.05504851,1440.192,20256,19901,1
12-Nov-25,LOREAL ROMANIA S.R.L.,328,17932.01,21697.6,1532.9,0.070648367,1160.3698,19901,24928,1
13-Nov-25,LOREAL ROMANIA S.R.L.,289,16601.18,20087.02,1463.98,0.072881891,1061.773,24928,24639,0
14-Nov-25,LOREAL ROMANIA S.R.L.,1599,77257.05,93480.28,38919.22,0.416336151,-17360.2361,24639,23039,1
15-Nov-25,LOREAL ROMANIA S.R.L.,1126,58333.33,70581.25,24870.25,0.352363411,-9785.564,23039,21913,1
16-Nov-25,LOREAL ROMANIA S.R.L.,1039,54580.05,66040.05,21180.71,0.320725227,-7756.7688,21913,20874,1
17-Nov-25,LOREAL ROMANIA S.R.L.,879,44315.99,53621.23,19111.19,0.356410884,-7624.7881,20874,19996,1
18-Nov-25,LOREAL ROMANIA S.R.L.,672,34737.2,42031.42,13356.09,0.317764425,-4835.9881,19996,24332,1
19-Nov-25,LOREAL ROMANIA S.R.L.,305,18270.83,22107.28,1088.72,0.049247126,1510.9009,24332,24501,1
20-Nov-25,LOREAL ROMANIA S.R.L.,293,17005.07,20575.82,574.68,0.027929871,1743.673,24501,24208,1
21-Nov-25,LOREAL ROMANIA S.R.L.,310,17029.3,20605.34,1149.66,0.055794275,1337.39,24208,23897,1
22-Nov-25,LOREAL ROMANIA S.R.L.,444,24500.72,29645.69,1074.19,0.036234272,2393.832,23897,23445,1
23-Nov-25,LOREAL ROMANIA S.R.L.,411,24005.26,29046.18,1664.32,0.057299101,1860.74,23445,23034,1
24-Nov-25,LOREAL ROMANIA S.R.L.,308,17103.11,20694.66,1007.34,0.048676325,1432.634,23034,22730,1
25-Nov-25,LOREAL ROMANIA S.R.L.,274,15393.57,18626.11,1044.89,0.056098133,1179.716,22730,22672,1
26-Nov-25,LOREAL ROMANIA S.R.L.,295,17061.76,20644.54,894.46,0.04332671,1538.225,22672,25760,0
27-Nov-25,LOREAL ROMANIA S.R.L.,242,14786.03,17890.97,592.52,0.033118383,1428.875,25760,25518,0
28-Nov-25,LOREAL ROMANIA S.R.L.,274,15659.16,18947.44,927.56,0.048954371,1321.4789,25518,25244,1
29-Nov-25,LOREAL ROMANIA S.R.L.,405,22622.4,27372.96,1086.07,0.039676747,2102.9307,25244,24842,1
30-Nov-25,LOREAL ROMANIA S.R.L.,429,26931.28,32586.67,1325.33,0.040670925,2567.3548,24842,24416,1
1-Dec-25,LOREAL ROMANIA S.R.L.,367,19838.94,24004.97,943.14,0.039289364,1844.721,24416,24049,1
2-Dec-25,LOREAL ROMANIA S.R.L.,315,16960.95,20522.67,718.92,0.03503053,1670.379,24049,23734,1
3-Dec-25,LOREAL ROMANIA S.R.L.,288,14919.53,18052.62,516.99,0.028637948,1514.49,23734,24138,0
4-Dec-25,LOREAL ROMANIA S.R.L.,330,18382.02,22241.84,699.29,0.031440295,1835.5959,24138,25006,1
5-Dec-25,LOREAL ROMANIA S.R.L.,402,22554.29,27290.5,822.64,0.030143823,2251.5469,25006,24632,1
6-Dec-25,LOREAL ROMANIA S.R.L.,414,24276.3,29374.07,886.02,0.030163338,2501.293,24632,24215,1
7-Dec-25,LOREAL ROMANIA S.R.L.,507,27048,32727.62,1079.6,0.032987428,2689.6977,24215,23708,1
8-Dec-25,LOREAL ROMANIA S.R.L.,303,17439.52,21101.6,631.47,0.029925219,1805.8939,23708,23406,1
9-Dec-25,LOREAL ROMANIA S.R.L.,316,16611.84,20100.19,800.15,0.039808081,1596.765,23406,23115,1
10-Dec-25,LOREAL ROMANIA S.R.L.,359,19787.53,23942.75,1060.82,0.044306523,1781.013,23115,30062,1
11-Dec-25,LOREAL ROMANIA S.R.L.,364,19389.62,23461.1,1503.03,0.064064771,1445.983,30062,29698,1
12-Dec-25,LOREAL ROMANIA S.R.L.,399,20981.49,25387.35,1601.26,0.063073145,1520.9299,29698,29299,1
13-Dec-25,LOREAL ROMANIA S.R.L.,628,33144.65,40105.05,2117.62,0.052801829,2700.2348,29299,28671,1
14-Dec-25,LOREAL ROMANIA S.R.L.,586,31086.19,37613.7,1989.03,0.052880466,2545.7049,28671,28085,1
15-Dec-25,LOREAL ROMANIA S.R.L.,485,25646.63,31032.11,1986.88,0.064026584,1898.439,28085,27600,1
16-Dec-25,LOREAL ROMANIA S.R.L.,526,26350.82,31884.14,1766.29,0.055397135,2093.669,27600,27058,1
17-Dec-25,LOREAL ROMANIA S.R.L.,476,24260.97,29355.54,1626.81,0.055417478,1884.306,27058,31978,1
18-Dec-25,LOREAL ROMANIA S.R.L.,607,31434.64,38035.46,1961.74,0.051576608,2564.518,31978,31371,1
19-Dec-25,LOREAL ROMANIA S.R.L.,590,30256.08,36609.63,1941.59,0.053034953,2426.8468,31371,30777,1
20-Dec-25,LOREAL ROMANIA S.R.L.,707,37371.6,45219.63,2099.03,0.046418558,3212.15,30777,30071,1
21-Dec-25,LOREAL ROMANIA S.R.L.,697,38514.74,46602.42,2642.49,0.056702849,3036.856,30071,29376,1
22-Dec-25,LOREAL ROMANIA S.R.L.,604,32546.95,39381.54,1831.56,0.046508085,2774.2688,29376,28770,1
23-Dec-25,LOREAL ROMANIA S.R.L.,554,31615.47,38254.37,2386.92,0.062396009,2408.1008,28770,29433,1
24-Dec-25,LOREAL ROMANIA S.R.L.,253,14583.4,17645.86,988.54,0.056021072,1160.92,29433,29180,1
25-Dec-25,LOREAL ROMANIA S.R.L.,,,,,0,0,29180,29180,0
26-Dec-25,LOREAL ROMANIA S.R.L.,,,,,0,0,29180,29180,0
27-Dec-25,LOREAL ROMANIA S.R.L.,490,27024.86,32699.9,1667.8,0.051003214,2190.8699,29180,28861,1
28-Dec-25,LOREAL ROMANIA S.R.L.,463,25654.6,31041.93,1527.67,0.049213113,2211.4649,28861,28398,1
29-Dec-25,LOREAL ROMANIA S.R.L.,491,26164.34,31658.63,1573.77,0.049710616,2222.796,28398,27907,1
30-Dec-25,LOREAL ROMANIA S.R.L.,528,27832.61,33677.26,1399.04,0.041542572,2556.416,27907,27379,1
31-Dec-25,LOREAL ROMANIA S.R.L.,188,11065.77,13389.5,705.7,0.052705478,941.822,27379,27191,0
1-Jan-26,LOREAL ROMANIA S.R.L.,,,,,0,0,27191,27191,0
2-Jan-26,LOREAL ROMANIA S.R.L.,,,,,0,0,27191,27191,0
3-Jan-26,LOREAL ROMANIA S.R.L.,549,28562.2,34559.74,1925.76,0.055722641,2228.6289,27191,26644,1
