DATA,ID_ARTICOL,ARTICOL,CANTITATE,VAL_IESIRE_FARA_TVA,VAL_IESIRE_CU_TVA,VAL_INTRARE_CU_TVA,TOTAL_DISCOUNT,RATA_DISCOUNT,ADAOS,STOC_INITIAL,STOC_FINAL,RUPTURA_STOC
01-Jan-24,147807,LRP CICAPLAST B5+ BALSAM REPARATOR CALMANT CU INDICATII MULTIPLE 100 ML ,0,0,0,0,0,0,0,278,278,0
02-Jan-24,147807,LRP CICAPLAST B5+ BALSAM REPARATOR CALMANT CU INDICATII MULTIPLE 100 ML ,0,0,0,0,0,0,0,278,278,0
03-Jan-24,147807,LRP CICAPLAST B5+ BALSAM REPARATOR CALMANT CU INDICATII MULTIPLE 100 ML ,11,647,770,574.75,0,0,72.25,278,267,0
04-Jan-24,147807,LRP CICAPLAST B5+ BALSAM REPARATOR CALMANT CU INDICATII MULTIPLE 100 ML ,11,647.04,770,574.75,0,0,72.29,267,376,0
05-Jan-24,147807,LRP CICAPLAST B5+ BALSAM REPARATOR CALMANT CU INDICATII MULTIPLE 100 ML ,10,588.22,700,522.5,0,0,65.72,376,366,0
06-Jan-24,147807,LRP CICAPLAST B5+ BALSAM REPARATOR CALMANT CU INDICATII MULTIPLE 100 ML ,10,588.2,700,522.5,0,0,65.7,366,356,0
07-Jan-24,147807,LRP CICAPLAST B5+ BALSAM REPARATOR CALMANT CU INDICATII MULTIPLE 100 ML ,6,352.92,420,313.5,0,0,39.42,356,350,0
08-Jan-24,147807,LRP CICAPLAST B5+ BALSAM REPARATOR CALMANT CU INDICATII MULTIPLE 100 ML ,4,235.28,280,209,0,0,26.28,350,346,0
09-Jan-24,147807,LRP CICAPLAST B5+ BALSAM REPARATOR CALMANT CU INDICATII MULTIPLE 100 ML ,11,647.04,770,574.75,0,0,72.29,346,335,0
10-Jan-24,147807,LRP CICAPLAST B5+ BALSAM REPARATOR CALMANT CU INDICATII MULTIPLE 100 ML ,8,470.57,560,418,0,0,52.57,335,327,0
11-Jan-24,147807,LRP CICAPLAST B5+ BALSAM REPARATOR CALMANT CU INDICATII MULTIPLE 100 ML ,11,647.07,770,574.75,0,0,72.32,327,316,0
12-Jan-24,147807,LRP CICAPLAST B5+ BALSAM REPARATOR CALMANT CU INDICATII MULTIPLE 100 ML ,6,352.93,420,313.5,0,0,39.43,316,310,0
13-Jan-24,147807,LRP CICAPLAST B5+ BALSAM REPARATOR CALMANT CU INDICATII MULTIPLE 100 ML ,7,411.73,490,365.75,0,0,45.98,310,303,0
14-Jan-24,147807,LRP CICAPLAST B5+ BALSAM REPARATOR CALMANT CU INDICATII MULTIPLE 100 ML ,16,941.18,1120,836,0,0,105.18,303,287,0
15-Jan-24,147807,LRP CICAPLAST B5+ BALSAM REPARATOR CALMANT CU INDICATII MULTIPLE 100 ML ,14,823.47,980,731.5,0,0,91.97,287,273,0
16-Jan-24,147807,LRP CICAPLAST B5+ BALSAM REPARATOR CALMANT CU INDICATII MULTIPLE 100 ML ,7,411.8,490,365.75,0,0,46.05,273,266,0
17-Jan-24,147807,LRP CICAPLAST B5+ BALSAM REPARATOR CALMANT CU INDICATII MULTIPLE 100 ML ,8,470.58,560,418,0,0,52.58,266,258,0
18-Jan-24,147807,LRP CICAPLAST B5+ BALSAM REPARATOR CALMANT CU INDICATII MULTIPLE 100 ML ,13,764.7,910,679.25,0,0,85.45,258,245,0
19-Jan-24,147807,LRP CICAPLAST B5+ BALSAM REPARATOR CALMANT CU INDICATII MULTIPLE 100 ML ,9,529.4,630,470.25,0,0,59.15,245,236,0
20-Jan-24,147807,LRP CICAPLAST B5+ BALSAM REPARATOR CALMANT CU INDICATII MULTIPLE 100 ML ,7,411.75,490,365.75,0,0,46,236,229,0
21-Jan-24,147807,LRP CICAPLAST B5+ BALSAM REPARATOR CALMANT CU INDICATII MULTIPLE 100 ML ,19,1117.63,1330,992.75,0,0,124.88,229,210,0
22-Jan-24,147807,LRP CICAPLAST B5+ BALSAM REPARATOR CALMANT CU INDICATII MULTIPLE 100 ML ,2,117.64,140,104.5,0,0,13.14,210,208,0
23-Jan-24,147807,LRP CICAPLAST B5+ BALSAM REPARATOR CALMANT CU INDICATII MULTIPLE 100 ML ,11,647.04,770,574.75,0,0,72.29,208,197,0
24-Jan-24,147807,LRP CICAPLAST B5+ BALSAM REPARATOR CALMANT CU INDICATII MULTIPLE 100 ML ,10,588.23,700,522.5,0,0,65.73,197,187,0
25-Jan-24,147807,LRP CICAPLAST B5+ BALSAM REPARATOR CALMANT CU INDICATII MULTIPLE 100 ML ,5,294.11,350,261.25,0,0,32.86,187,197,0
26-Jan-24,147807,LRP CICAPLAST B5+ BALSAM REPARATOR CALMANT CU INDICATII MULTIPLE 100 ML ,8,470.57,560,418,0,0,52.57,197,189,0
27-Jan-24,147807,LRP CICAPLAST B5+ BALSAM REPARATOR CALMANT CU INDICATII MULTIPLE 100 ML ,4,235.29,280,209,0,0,26.29,189,185,0
28-Jan-24,147807,LRP CICAPLAST B5+ BALSAM REPARATOR CALMANT CU INDICATII MULTIPLE 100 ML ,11,647.02,770,574.75,0,0,72.27,185,174,0
29-Jan-24,147807,LRP CICAPLAST B5+ BALSAM REPARATOR CALMANT CU INDICATII MULTIPLE 100 ML ,4,235.29,280,209,0,0,26.29,174,170,0
30-Jan-24,147807,LRP CICAPLAST B5+ BALSAM REPARATOR CALMANT CU INDICATII MULTIPLE 100 ML ,2,117.64,140,104.5,0,0,13.14,170,168,0
31-Jan-24,147807,LRP CICAPLAST B5+ BALSAM REPARATOR CALMANT CU INDICATII MULTIPLE 100 ML ,8,470.57,560,418,0,0,52.57,168,230,0
01-Feb-24,147807,LRP CICAPLAST B5+ BALSAM REPARATOR CALMANT CU INDICATII MULTIPLE 100 ML ,7,417.62,497,365.75,0,0,51.87,230,223,0
02-Feb-24,147807,LRP CICAPLAST B5+ BALSAM REPARATOR CALMANT CU INDICATII MULTIPLE 100 ML ,12,715.98,852,627,0,0,88.98,223,211,0
03-Feb-24,147807,LRP CICAPLAST B5+ BALSAM REPARATOR CALMANT CU INDICATII MULTIPLE 100 ML ,11,656.27,781,574.75,0,0,81.52,211,200,0
04-Feb-24,147807,LRP CICAPLAST B5+ BALSAM REPARATOR CALMANT CU INDICATII MULTIPLE 100 ML ,9,536.95,639,470.25,0,0,66.7,200,191,0
05-Feb-24,147807,LRP CICAPLAST B5+ BALSAM REPARATOR CALMANT CU INDICATII MULTIPLE 100 ML ,7,417.61,497,365.75,0,0,51.86,191,184,0
06-Feb-24,147807,LRP CICAPLAST B5+ BALSAM REPARATOR CALMANT CU INDICATII MULTIPLE 100 ML ,9,536.95,639,470.25,0,0,66.7,184,175,0
07-Feb-24,147807,LRP CICAPLAST B5+ BALSAM REPARATOR CALMANT CU INDICATII MULTIPLE 100 ML ,6,357.98,426,313.5,0,0,44.48,175,259,0
08-Feb-24,147807,LRP CICAPLAST B5+ BALSAM REPARATOR CALMANT CU INDICATII MULTIPLE 100 ML ,6,357.99,426,313.5,0,0,44.49,259,253,0
09-Feb-24,147807,LRP CICAPLAST B5+ BALSAM REPARATOR CALMANT CU INDICATII MULTIPLE 100 ML ,13,775.62,923,679.25,0,0,96.37,253,240,0
10-Feb-24,147807,LRP CICAPLAST B5+ BALSAM REPARATOR CALMANT CU INDICATII MULTIPLE 100 ML ,13,775.63,923,679.25,0,0,96.38,240,227,0
11-Feb-24,147807,LRP CICAPLAST B5+ BALSAM REPARATOR CALMANT CU INDICATII MULTIPLE 100 ML ,13,775.6,923,679.25,0,0,96.35,227,214,0
12-Feb-24,147807,LRP CICAPLAST B5+ BALSAM REPARATOR CALMANT CU INDICATII MULTIPLE 100 ML ,7,417.63,497,365.75,0,0,51.88,214,206,0
13-Feb-24,147807,LRP CICAPLAST B5+ BALSAM REPARATOR CALMANT CU INDICATII MULTIPLE 100 ML ,11,656.3,781,574.75,0,0,81.55,206,195,0
14-Feb-24,147807,LRP CICAPLAST B5+ BALSAM REPARATOR CALMANT CU INDICATII MULTIPLE 100 ML ,4,238.64,284,209,0,0,29.64,195,261,0
15-Feb-24,147807,LRP CICAPLAST B5+ BALSAM REPARATOR CALMANT CU INDICATII MULTIPLE 100 ML ,4,238.65,284,209,0,0,29.65,261,257,0
16-Feb-24,147807,LRP CICAPLAST B5+ BALSAM REPARATOR CALMANT CU INDICATII MULTIPLE 100 ML ,4,238.64,284,209,0,0,29.64,257,253,0
17-Feb-24,147807,LRP CICAPLAST B5+ BALSAM REPARATOR CALMANT CU INDICATII MULTIPLE 100 ML ,7,417.63,497,365.75,0,0,51.88,253,246,0
18-Feb-24,147807,LRP CICAPLAST B5+ BALSAM REPARATOR CALMANT CU INDICATII MULTIPLE 100 ML ,12,715.94,852,627,0,0,88.94,246,234,0
19-Feb-24,147807,LRP CICAPLAST B5+ BALSAM REPARATOR CALMANT CU INDICATII MULTIPLE 100 ML ,7,417.62,497,365.75,0,0,51.87,234,227,0
20-Feb-24,147807,LRP CICAPLAST B5+ BALSAM REPARATOR CALMANT CU INDICATII MULTIPLE 100 ML ,9,536.96,639,470.25,0,0,66.71,227,218,0
21-Feb-24,147807,LRP CICAPLAST B5+ BALSAM REPARATOR CALMANT CU INDICATII MULTIPLE 100 ML ,6,357.98,426,313.5,0,0,44.48,218,232,0
22-Feb-24,147807,LRP CICAPLAST B5+ BALSAM REPARATOR CALMANT CU INDICATII MULTIPLE 100 ML ,11,656.27,781,574.75,0,0,81.52,232,221,0
23-Feb-24,147807,LRP CICAPLAST B5+ BALSAM REPARATOR CALMANT CU INDICATII MULTIPLE 100 ML ,7,417.63,497,365.75,0,0,51.88,221,214,0
24-Feb-24,147807,LRP CICAPLAST B5+ BALSAM REPARATOR CALMANT CU INDICATII MULTIPLE 100 ML ,5,298.3,355,261.25,0,0,37.05,214,209,0
25-Feb-24,147807,LRP CICAPLAST B5+ BALSAM REPARATOR CALMANT CU INDICATII MULTIPLE 100 ML ,10,596.64,710,522.5,0,0,74.14,209,199,0
26-Feb-24,147807,LRP CICAPLAST B5+ BALSAM REPARATOR CALMANT CU INDICATII MULTIPLE 100 ML ,8,477.3,568,418,0,0,59.3,199,191,0
27-Feb-24,147807,LRP CICAPLAST B5+ BALSAM REPARATOR CALMANT CU INDICATII MULTIPLE 100 ML ,9,536.99,639,470.25,0,0,66.74,191,362,0
28-Feb-24,147807,LRP CICAPLAST B5+ BALSAM REPARATOR CALMANT CU INDICATII MULTIPLE 100 ML ,6,357.97,426,313.5,0,0,44.47,362,356,0
29-Feb-24,147807,LRP CICAPLAST B5+ BALSAM REPARATOR CALMANT CU INDICATII MULTIPLE 100 ML ,8,477.29,568,418,0,0,59.29,356,348,0
01-Mar-24,147807,LRP CICAPLAST B5+ BALSAM REPARATOR CALMANT CU INDICATII MULTIPLE 100 ML ,6,357.98,426,313.5,0,0,44.48,348,342,0
02-Mar-24,147807,LRP CICAPLAST B5+ BALSAM REPARATOR CALMANT CU INDICATII MULTIPLE 100 ML ,14,668.23,795.2,731.5,198.8,0.25,-63.27,342,328,0
03-Mar-24,147807,LRP CICAPLAST B5+ BALSAM REPARATOR CALMANT CU INDICATII MULTIPLE 100 ML ,20,954.61,1136,1045,284,0.25,-90.39,328,308,0
04-Mar-24,147807,LRP CICAPLAST B5+ BALSAM REPARATOR CALMANT CU INDICATII MULTIPLE 100 ML ,12,572.78,681.6,627,170.4,0.25,-54.22,308,296,0
05-Mar-24,147807,LRP CICAPLAST B5+ BALSAM REPARATOR CALMANT CU INDICATII MULTIPLE 100 ML ,15,715.96,852,783.75,213,0.25,-67.79,296,281,0
06-Mar-24,147807,LRP CICAPLAST B5+ BALSAM REPARATOR CALMANT CU INDICATII MULTIPLE 100 ML ,16,763.69,908.8,836,227.2,0.25,-72.31,281,265,0
07-Mar-24,147807,LRP CICAPLAST B5+ BALSAM REPARATOR CALMANT CU INDICATII MULTIPLE 100 ML ,15,715.95,852,783.75,213,0.25,-67.8,265,250,0
08-Mar-24,147807,LRP CICAPLAST B5+ BALSAM REPARATOR CALMANT CU INDICATII MULTIPLE 100 ML ,11,525.04,624.8,574.75,156.2,0.25,-49.71,250,239,0
09-Mar-24,147807,LRP CICAPLAST B5+ BALSAM REPARATOR CALMANT CU INDICATII MULTIPLE 100 ML ,19,906.87,1079.2,992.75,269.8,0.25,-85.88,239,220,0
10-Mar-24,147807,LRP CICAPLAST B5+ BALSAM REPARATOR CALMANT CU INDICATII MULTIPLE 100 ML ,23,1097.78,1306.4,1201.75,326.6,0.25,-103.97,220,197,0
11-Mar-24,147807,LRP CICAPLAST B5+ BALSAM REPARATOR CALMANT CU INDICATII MULTIPLE 100 ML ,15,715.96,852,783.75,213,0.25,-67.79,197,182,0
12-Mar-24,147807,LRP CICAPLAST B5+ BALSAM REPARATOR CALMANT CU INDICATII MULTIPLE 100 ML ,15,715.97,852,783.75,213,0.25,-67.78,182,367,0
13-Mar-24,147807,LRP CICAPLAST B5+ BALSAM REPARATOR CALMANT CU INDICATII MULTIPLE 100 ML ,13,620.49,738.4,679.25,184.6,0.25,-58.76,367,354,0
14-Mar-24,147807,LRP CICAPLAST B5+ BALSAM REPARATOR CALMANT CU INDICATII MULTIPLE 100 ML ,24,1145.54,1363.2,1254,340.8,0.25,-108.46,354,330,0
15-Mar-24,147807,LRP CICAPLAST B5+ BALSAM REPARATOR CALMANT CU INDICATII MULTIPLE 100 ML ,17,811.4,965.6,888.25,241.4,0.25,-76.85,330,313,0
16-Mar-24,147807,LRP CICAPLAST B5+ BALSAM REPARATOR CALMANT CU INDICATII MULTIPLE 100 ML ,20,954.64,1136,1045,284,0.25,-90.36,313,293,0
17-Mar-24,147807,LRP CICAPLAST B5+ BALSAM REPARATOR CALMANT CU INDICATII MULTIPLE 100 ML ,29,1384.15,1647.2,1515.25,411.8,0.25,-131.1,293,264,0
18-Mar-24,147807,LRP CICAPLAST B5+ BALSAM REPARATOR CALMANT CU INDICATII MULTIPLE 100 ML ,11,525.03,624.8,574.75,156.2,0.25,-49.72,264,253,0
19-Mar-24,147807,LRP CICAPLAST B5+ BALSAM REPARATOR CALMANT CU INDICATII MULTIPLE 100 ML ,14,668.23,795.2,731.5,198.8,0.25,-63.27,253,239,0
20-Mar-24,147807,LRP CICAPLAST B5+ BALSAM REPARATOR CALMANT CU INDICATII MULTIPLE 100 ML ,17,811.4,965.6,888.25,241.4,0.25,-76.85,239,294,0
21-Mar-24,147807,LRP CICAPLAST B5+ BALSAM REPARATOR CALMANT CU INDICATII MULTIPLE 100 ML ,12,572.77,681.6,627,170.4,0.25,-54.23,294,282,0
22-Mar-24,147807,LRP CICAPLAST B5+ BALSAM REPARATOR CALMANT CU INDICATII MULTIPLE 100 ML ,9,429.57,511.2,470.25,127.8,0.25,-40.68,282,273,0
23-Mar-24,147807,LRP CICAPLAST B5+ BALSAM REPARATOR CALMANT CU INDICATII MULTIPLE 100 ML ,23,1097.81,1306.4,1201.75,340.8,0.260869565,-103.94,273,250,0
24-Mar-24,147807,LRP CICAPLAST B5+ BALSAM REPARATOR CALMANT CU INDICATII MULTIPLE 100 ML ,17,811.44,965.6,888.25,241.4,0.25,-76.81,250,233,0
25-Mar-24,147807,LRP CICAPLAST B5+ BALSAM REPARATOR CALMANT CU INDICATII MULTIPLE 100 ML ,18,859.13,1022.4,940.5,255.6,0.25,-81.37,233,215,0
26-Mar-24,147807,LRP CICAPLAST B5+ BALSAM REPARATOR CALMANT CU INDICATII MULTIPLE 100 ML ,11,525.03,624.8,574.75,156.2,0.25,-49.72,215,204,0
27-Mar-24,147807,LRP CICAPLAST B5+ BALSAM REPARATOR CALMANT CU INDICATII MULTIPLE 100 ML ,19,906.92,1079.2,992.75,269.8,0.25,-85.83,204,205,0
28-Mar-24,147807,LRP CICAPLAST B5+ BALSAM REPARATOR CALMANT CU INDICATII MULTIPLE 100 ML ,12,572.8,681.6,627,170.4,0.25,-54.2,205,193,0
29-Mar-24,147807,LRP CICAPLAST B5+ BALSAM REPARATOR CALMANT CU INDICATII MULTIPLE 100 ML ,13,620.49,738.4,679.25,184.6,0.25,-58.76,193,180,0
30-Mar-24,147807,LRP CICAPLAST B5+ BALSAM REPARATOR CALMANT CU INDICATII MULTIPLE 100 ML ,17,811.41,965.6,888.25,241.4,0.25,-76.84,180,163,0
31-Mar-24,147807,LRP CICAPLAST B5+ BALSAM REPARATOR CALMANT CU INDICATII MULTIPLE 100 ML ,21,1002.32,1192.8,1097.25,298.2,0.25,-94.93,163,142,0
01-Apr-24,147807,LRP CICAPLAST B5+ BALSAM REPARATOR CALMANT CU INDICATII MULTIPLE 100 ML ,6,357.97,426,313.5,0,0,44.47,142,136,0
02-Apr-24,147807,LRP CICAPLAST B5+ BALSAM REPARATOR CALMANT CU INDICATII MULTIPLE 100 ML ,6,357.98,426,313.5,0,0,44.48,136,130,0
03-Apr-24,147807,LRP CICAPLAST B5+ BALSAM REPARATOR CALMANT CU INDICATII MULTIPLE 100 ML ,9,536.98,639,470.25,0,0,66.73,130,121,0
04-Apr-24,147807,LRP CICAPLAST B5+ BALSAM REPARATOR CALMANT CU INDICATII MULTIPLE 100 ML ,4,238.66,284,209,0,0,29.66,121,207,0
05-Apr-24,147807,LRP CICAPLAST B5+ BALSAM REPARATOR CALMANT CU INDICATII MULTIPLE 100 ML ,6,357.97,426,313.5,0,0,44.47,207,201,0
06-Apr-24,147807,LRP CICAPLAST B5+ BALSAM REPARATOR CALMANT CU INDICATII MULTIPLE 100 ML ,8,477.3,568,418,0,0,59.3,201,193,0
07-Apr-24,147807,LRP CICAPLAST B5+ BALSAM REPARATOR CALMANT CU INDICATII MULTIPLE 100 ML ,10,596.63,710,522.5,0,0,74.13,193,183,0
08-Apr-24,147807,LRP CICAPLAST B5+ BALSAM REPARATOR CALMANT CU INDICATII MULTIPLE 100 ML ,6,357.98,426,313.5,0,0,44.48,183,177,0
09-Apr-24,147807,LRP CICAPLAST B5+ BALSAM REPARATOR CALMANT CU INDICATII MULTIPLE 100 ML ,10,596.61,710,522.5,0,0,74.11,177,197,0
10-Apr-24,147807,LRP CICAPLAST B5+ BALSAM REPARATOR CALMANT CU INDICATII MULTIPLE 100 ML ,7,417.64,497,365.75,0,0,51.89,197,190,0
11-Apr-24,147807,LRP CICAPLAST B5+ BALSAM REPARATOR CALMANT CU INDICATII MULTIPLE 100 ML ,9,536.96,639,470.25,0,0,66.71,190,181,0
12-Apr-24,147807,LRP CICAPLAST B5+ BALSAM REPARATOR CALMANT CU INDICATII MULTIPLE 100 ML ,4,238.63,284,209,0,0,29.63,181,177,0
13-Apr-24,147807,LRP CICAPLAST B5+ BALSAM REPARATOR CALMANT CU INDICATII MULTIPLE 100 ML ,8,477.31,568,418,0,0,59.31,177,169,0
14-Apr-24,147807,LRP CICAPLAST B5+ BALSAM REPARATOR CALMANT CU INDICATII MULTIPLE 100 ML ,8,477.3,568,418,0,0,59.3,169,161,0
15-Apr-24,147807,LRP CICAPLAST B5+ BALSAM REPARATOR CALMANT CU INDICATII MULTIPLE 100 ML ,4,238.66,284,209,0,0,29.66,161,157,0
16-Apr-24,147807,LRP CICAPLAST B5+ BALSAM REPARATOR CALMANT CU INDICATII MULTIPLE 100 ML ,11,656.27,781,574.75,0,0,81.52,157,146,0
17-Apr-24,147807,LRP CICAPLAST B5+ BALSAM REPARATOR CALMANT CU INDICATII MULTIPLE 100 ML ,3,178.99,213,156.75,0,0,22.24,146,146,0
18-Apr-24,147807,LRP CICAPLAST B5+ BALSAM REPARATOR CALMANT CU INDICATII MULTIPLE 100 ML ,6,357.98,426,313.5,0,0,44.48,146,140,0
19-Apr-24,147807,LRP CICAPLAST B5+ BALSAM REPARATOR CALMANT CU INDICATII MULTIPLE 100 ML ,6,357.99,426,313.5,0,0,44.49,140,134,0
20-Apr-24,147807,LRP CICAPLAST B5+ BALSAM REPARATOR CALMANT CU INDICATII MULTIPLE 100 ML ,10,596.64,710,522.5,0,0,74.14,134,124,0
21-Apr-24,147807,LRP CICAPLAST B5+ BALSAM REPARATOR CALMANT CU INDICATII MULTIPLE 100 ML ,5,298.31,355,261.25,0,0,37.06,124,119,0
22-Apr-24,147807,LRP CICAPLAST B5+ BALSAM REPARATOR CALMANT CU INDICATII MULTIPLE 100 ML ,5,298.3,355,261.25,0,0,37.05,119,114,0
23-Apr-24,147807,LRP CICAPLAST B5+ BALSAM REPARATOR CALMANT CU INDICATII MULTIPLE 100 ML ,4,238.66,284,209,0,0,29.66,114,110,0
24-Apr-24,147807,LRP CICAPLAST B5+ BALSAM REPARATOR CALMANT CU INDICATII MULTIPLE 100 ML ,9,536.94,639,470.25,0,0,66.69,110,201,0
25-Apr-24,147807,LRP CICAPLAST B5+ BALSAM REPARATOR CALMANT CU INDICATII MULTIPLE 100 ML ,6,357.96,426,313.5,0,0,44.46,201,195,0
26-Apr-24,147807,LRP CICAPLAST B5+ BALSAM REPARATOR CALMANT CU INDICATII MULTIPLE 100 ML ,8,477.32,568,418,0,0,59.32,195,187,0
27-Apr-24,147807,LRP CICAPLAST B5+ BALSAM REPARATOR CALMANT CU INDICATII MULTIPLE 100 ML ,8,477.32,568,418,0,0,59.32,187,179,0
28-Apr-24,147807,LRP CICAPLAST B5+ BALSAM REPARATOR CALMANT CU INDICATII MULTIPLE 100 ML ,15,894.95,1065,783.75,0,0,111.2,179,164,0
29-Apr-24,147807,LRP CICAPLAST B5+ BALSAM REPARATOR CALMANT CU INDICATII MULTIPLE 100 ML ,12,715.95,852,627,0,0,88.95,164,152,0
30-Apr-24,147807,LRP CICAPLAST B5+ BALSAM REPARATOR CALMANT CU INDICATII MULTIPLE 100 ML ,5,298.32,355,261.25,0,0,37.07,152,147,0
01-May-24,147807,LRP CICAPLAST B5+ BALSAM REPARATOR CALMANT CU INDICATII MULTIPLE 100 ML ,8,477.28,568,418,0,0,59.28,147,139,0
02-May-24,147807,LRP CICAPLAST B5+ BALSAM REPARATOR CALMANT CU INDICATII MULTIPLE 100 ML ,10,596.62,710,522.5,0,0,74.12,139,129,0
03-May-24,147807,LRP CICAPLAST B5+ BALSAM REPARATOR CALMANT CU INDICATII MULTIPLE 100 ML ,7,417.61,497,365.75,0,0,51.86,129,122,0
04-May-24,147807,LRP CICAPLAST B5+ BALSAM REPARATOR CALMANT CU INDICATII MULTIPLE 100 ML ,3,179,213,156.75,0,0,22.25,122,119,0
05-May-24,147807,LRP CICAPLAST B5+ BALSAM REPARATOR CALMANT CU INDICATII MULTIPLE 100 ML ,0,0,0,0,0,0,0,119,119,0
06-May-24,147807,LRP CICAPLAST B5+ BALSAM REPARATOR CALMANT CU INDICATII MULTIPLE 100 ML ,0,0,0,0,0,0,0,119,119,0
07-May-24,147807,LRP CICAPLAST B5+ BALSAM REPARATOR CALMANT CU INDICATII MULTIPLE 100 ML ,12,715.97,852,627,0,0,88.97,119,107,0
08-May-24,147807,LRP CICAPLAST B5+ BALSAM REPARATOR CALMANT CU INDICATII MULTIPLE 100 ML ,10,596.6,710,522.5,0,0,74.1,107,97,0
09-May-24,147807,LRP CICAPLAST B5+ BALSAM REPARATOR CALMANT CU INDICATII MULTIPLE 100 ML ,7,417.62,497,365.75,0,0,51.87,97,200,0
10-May-24,147807,LRP CICAPLAST B5+ BALSAM REPARATOR CALMANT CU INDICATII MULTIPLE 100 ML ,10,596.63,710,522.5,0,0,74.13,200,190,0
11-May-24,147807,LRP CICAPLAST B5+ BALSAM REPARATOR CALMANT CU INDICATII MULTIPLE 100 ML ,10,596.62,710,522.5,0,0,74.12,190,180,0
12-May-24,147807,LRP CICAPLAST B5+ BALSAM REPARATOR CALMANT CU INDICATII MULTIPLE 100 ML ,13,775.61,923,679.25,0,0,96.36,180,167,0
13-May-24,147807,LRP CICAPLAST B5+ BALSAM REPARATOR CALMANT CU INDICATII MULTIPLE 100 ML ,6,357.96,426,313.5,0,0,44.46,167,161,0
14-May-24,147807,LRP CICAPLAST B5+ BALSAM REPARATOR CALMANT CU INDICATII MULTIPLE 100 ML ,3,179.01,213,156.75,0,0,22.26,161,158,0
15-May-24,147807,LRP CICAPLAST B5+ BALSAM REPARATOR CALMANT CU INDICATII MULTIPLE 100 ML ,9,536.99,639,470.25,0,0,66.74,158,209,0
16-May-24,147807,LRP CICAPLAST B5+ BALSAM REPARATOR CALMANT CU INDICATII MULTIPLE 100 ML ,10,596.61,710,522.5,0,0,74.11,209,199,0
17-May-24,147807,LRP CICAPLAST B5+ BALSAM REPARATOR CALMANT CU INDICATII MULTIPLE 100 ML ,7,417.62,497,365.75,0,0,51.87,199,192,0
18-May-24,147807,LRP CICAPLAST B5+ BALSAM REPARATOR CALMANT CU INDICATII MULTIPLE 100 ML ,17,1014.27,1207,888.25,0,0,126.02,192,175,0
19-May-24,147807,LRP CICAPLAST B5+ BALSAM REPARATOR CALMANT CU INDICATII MULTIPLE 100 ML ,10,596.63,710,522.5,0,0,74.13,175,165,0
20-May-24,147807,LRP CICAPLAST B5+ BALSAM REPARATOR CALMANT CU INDICATII MULTIPLE 100 ML ,4,238.65,284,209,0,0,29.65,165,161,0
21-May-24,147807,LRP CICAPLAST B5+ BALSAM REPARATOR CALMANT CU INDICATII MULTIPLE 100 ML ,8,477.33,568,418,0,0,59.33,161,153,0
22-May-24,147807,LRP CICAPLAST B5+ BALSAM REPARATOR CALMANT CU INDICATII MULTIPLE 100 ML ,11,656.3,781,574.75,0,0,81.55,153,242,0
23-May-24,147807,LRP CICAPLAST B5+ BALSAM REPARATOR CALMANT CU INDICATII MULTIPLE 100 ML ,8,477.29,568,418,0,0,59.29,242,234,0
24-May-24,147807,LRP CICAPLAST B5+ BALSAM REPARATOR CALMANT CU INDICATII MULTIPLE 100 ML ,5,298.31,355,261.25,0,0,37.06,234,229,0
25-May-24,147807,LRP CICAPLAST B5+ BALSAM REPARATOR CALMANT CU INDICATII MULTIPLE 100 ML ,11,492.22,585.75,574.75,195.25,0.333333333,-82.53,229,218,0
26-May-24,147807,LRP CICAPLAST B5+ BALSAM REPARATOR CALMANT CU INDICATII MULTIPLE 100 ML ,16,716,852,836,284,0.333333333,-120,218,202,0
27-May-24,147807,LRP CICAPLAST B5+ BALSAM REPARATOR CALMANT CU INDICATII MULTIPLE 100 ML ,17,760.75,905.25,888.25,301.75,0.333333333,-127.5,202,185,0
28-May-24,147807,LRP CICAPLAST B5+ BALSAM REPARATOR CALMANT CU INDICATII MULTIPLE 100 ML ,15,671.24,798.75,783.75,284,0.355555556,-112.51,185,170,0
29-May-24,147807,LRP CICAPLAST B5+ BALSAM REPARATOR CALMANT CU INDICATII MULTIPLE 100 ML ,20,894.99,1065,1045,355,0.333333333,-150.01,170,410,0
30-May-24,147807,LRP CICAPLAST B5+ BALSAM REPARATOR CALMANT CU INDICATII MULTIPLE 100 ML ,14,626.49,745.5,731.5,248.5,0.333333333,-105.01,410,396,0
31-May-24,147807,LRP CICAPLAST B5+ BALSAM REPARATOR CALMANT CU INDICATII MULTIPLE 100 ML ,22,984.48,1171.5,1149.5,390.5,0.333333333,-165.02,396,374,0
01-Jun-24,147807,LRP CICAPLAST B5+ BALSAM REPARATOR CALMANT CU INDICATII MULTIPLE 100 ML ,15,671.25,798.75,783.75,266.25,0.333333333,-112.5,374,359,0
02-Jun-24,147807,LRP CICAPLAST B5+ BALSAM REPARATOR CALMANT CU INDICATII MULTIPLE 100 ML ,15,671.24,798.75,783.75,266.25,0.333333333,-112.51,359,344,0
03-Jun-24,147807,LRP CICAPLAST B5+ BALSAM REPARATOR CALMANT CU INDICATII MULTIPLE 100 ML ,16,716,852,836,284,0.333333333,-120,344,328,0
04-Jun-24,147807,LRP CICAPLAST B5+ BALSAM REPARATOR CALMANT CU INDICATII MULTIPLE 100 ML ,16,716.03,852,836,284,0.333333333,-119.97,328,312,0
05-Jun-24,147807,LRP CICAPLAST B5+ BALSAM REPARATOR CALMANT CU INDICATII MULTIPLE 100 ML ,27,1208.28,1437.75,1410.75,479.25,0.333333333,-202.47,312,285,0
06-Jun-24,147807,LRP CICAPLAST B5+ BALSAM REPARATOR CALMANT CU INDICATII MULTIPLE 100 ML ,15,671.25,798.75,783.75,266.25,0.333333333,-112.5,285,270,0
07-Jun-24,147807,LRP CICAPLAST B5+ BALSAM REPARATOR CALMANT CU INDICATII MULTIPLE 100 ML ,19,850.25,1011.75,992.75,337.25,0.333333333,-142.5,270,251,0
08-Jun-24,147807,LRP CICAPLAST B5+ BALSAM REPARATOR CALMANT CU INDICATII MULTIPLE 100 ML ,13,581.77,692.25,679.25,230.75,0.333333333,-97.48,251,238,0
09-Jun-24,147807,LRP CICAPLAST B5+ BALSAM REPARATOR CALMANT CU INDICATII MULTIPLE 100 ML ,14,626.48,745.5,731.5,248.5,0.333333333,-105.02,238,224,0
10-Jun-24,147807,LRP CICAPLAST B5+ BALSAM REPARATOR CALMANT CU INDICATII MULTIPLE 100 ML ,22,984.49,1171.5,1149.5,390.5,0.333333333,-165.01,224,202,0
11-Jun-24,147807,LRP CICAPLAST B5+ BALSAM REPARATOR CALMANT CU INDICATII MULTIPLE 100 ML ,16,715.99,852,836,284,0.333333333,-120.01,202,186,0
12-Jun-24,147807,LRP CICAPLAST B5+ BALSAM REPARATOR CALMANT CU INDICATII MULTIPLE 100 ML ,14,626.48,745.5,731.5,248.5,0.333333333,-105.02,186,172,0
13-Jun-24,147807,LRP CICAPLAST B5+ BALSAM REPARATOR CALMANT CU INDICATII MULTIPLE 100 ML ,12,536.99,639,627,213,0.333333333,-90.01,172,160,0
14-Jun-24,147807,LRP CICAPLAST B5+ BALSAM REPARATOR CALMANT CU INDICATII MULTIPLE 100 ML ,16,715.98,852,836,284,0.333333333,-120.02,160,444,0
15-Jun-24,147807,LRP CICAPLAST B5+ BALSAM REPARATOR CALMANT CU INDICATII MULTIPLE 100 ML ,22,984.49,1171.5,1149.5,390.5,0.333333333,-165.01,444,422,0
16-Jun-24,147807,LRP CICAPLAST B5+ BALSAM REPARATOR CALMANT CU INDICATII MULTIPLE 100 ML ,18,805.49,958.5,940.5,319.5,0.333333333,-135.01,422,404,0
17-Jun-24,147807,LRP CICAPLAST B5+ BALSAM REPARATOR CALMANT CU INDICATII MULTIPLE 100 ML ,11,492.27,585.75,574.75,195.25,0.333333333,-82.48,404,393,0
18-Jun-24,147807,LRP CICAPLAST B5+ BALSAM REPARATOR CALMANT CU INDICATII MULTIPLE 100 ML ,13,581.73,692.25,679.25,230.75,0.333333333,-97.52,393,380,0
19-Jun-24,147807,LRP CICAPLAST B5+ BALSAM REPARATOR CALMANT CU INDICATII MULTIPLE 100 ML ,20,895,1065,1045,355,0.333333333,-150,380,470,0
20-Jun-24,147807,LRP CICAPLAST B5+ BALSAM REPARATOR CALMANT CU INDICATII MULTIPLE 100 ML ,20,894.99,1065,1045,355,0.333333333,-150.01,470,450,0
21-Jun-24,147807,LRP CICAPLAST B5+ BALSAM REPARATOR CALMANT CU INDICATII MULTIPLE 100 ML ,12,536.99,639,627,213,0.333333333,-90.01,450,438,0
22-Jun-24,147807,LRP CICAPLAST B5+ BALSAM REPARATOR CALMANT CU INDICATII MULTIPLE 100 ML ,17,760.75,905.25,888.25,301.75,0.333333333,-127.5,438,421,0
23-Jun-24,147807,LRP CICAPLAST B5+ BALSAM REPARATOR CALMANT CU INDICATII MULTIPLE 100 ML ,13,581.77,692.25,679.25,230.75,0.333333333,-97.48,421,408,0
24-Jun-24,147807,LRP CICAPLAST B5+ BALSAM REPARATOR CALMANT CU INDICATII MULTIPLE 100 ML ,13,581.76,692.25,679.25,230.75,0.333333333,-97.49,408,395,0
25-Jun-24,147807,LRP CICAPLAST B5+ BALSAM REPARATOR CALMANT CU INDICATII MULTIPLE 100 ML ,14,626.46,745.5,731.5,248.5,0.333333333,-105.04,395,381,0
26-Jun-24,147807,LRP CICAPLAST B5+ BALSAM REPARATOR CALMANT CU INDICATII MULTIPLE 100 ML ,13,581.74,692.25,679.25,230.75,0.333333333,-97.51,381,368,0
27-Jun-24,147807,LRP CICAPLAST B5+ BALSAM REPARATOR CALMANT CU INDICATII MULTIPLE 100 ML ,19,850.24,1011.76,992.75,337.24,0.333320155,-142.51,368,349,0
28-Jun-24,147807,LRP CICAPLAST B5+ BALSAM REPARATOR CALMANT CU INDICATII MULTIPLE 100 ML ,18,805.5,958.5,940.5,319.5,0.333333333,-135,349,331,0
29-Jun-24,147807,LRP CICAPLAST B5+ BALSAM REPARATOR CALMANT CU INDICATII MULTIPLE 100 ML ,12,537.01,639.01,627,212.99,0.333312468,-89.99,331,319,0
30-Jun-24,147807,LRP CICAPLAST B5+ BALSAM REPARATOR CALMANT CU INDICATII MULTIPLE 100 ML ,21,939.74,1118.25,1097.25,372.75,0.333333333,-157.51,319,298,0
01-Jul-24,147807,LRP CICAPLAST B5+ BALSAM REPARATOR CALMANT CU INDICATII MULTIPLE 100 ML ,11,656.27,781,574.75,0,0,81.52,298,287,0
02-Jul-24,147807,LRP CICAPLAST B5+ BALSAM REPARATOR CALMANT CU INDICATII MULTIPLE 100 ML ,3,178.99,213,156.75,0,0,22.24,287,284,0
03-Jul-24,147807,LRP CICAPLAST B5+ BALSAM REPARATOR CALMANT CU INDICATII MULTIPLE 100 ML ,8,477.34,568,418,0,0,59.34,284,306,0
04-Jul-24,147807,LRP CICAPLAST B5+ BALSAM REPARATOR CALMANT CU INDICATII MULTIPLE 100 ML ,10,596.63,710,522.5,0,0,74.13,306,296,0
05-Jul-24,147807,LRP CICAPLAST B5+ BALSAM REPARATOR CALMANT CU INDICATII MULTIPLE 100 ML ,12,715.92,852,627,0,0,88.92,296,284,0
06-Jul-24,147807,LRP CICAPLAST B5+ BALSAM REPARATOR CALMANT CU INDICATII MULTIPLE 100 ML ,9,536.94,639,470.25,0,0,66.69,284,275,0
07-Jul-24,147807,LRP CICAPLAST B5+ BALSAM REPARATOR CALMANT CU INDICATII MULTIPLE 100 ML ,9,536.95,639,470.25,0,0,66.7,275,266,0
08-Jul-24,147807,LRP CICAPLAST B5+ BALSAM REPARATOR CALMANT CU INDICATII MULTIPLE 100 ML ,5,298.29,355,261.25,0,0,37.04,266,261,0
09-Jul-24,147807,LRP CICAPLAST B5+ BALSAM REPARATOR CALMANT CU INDICATII MULTIPLE 100 ML ,8,477.31,568,418,0,0,59.31,261,253,0
10-Jul-24,147807,LRP CICAPLAST B5+ BALSAM REPARATOR CALMANT CU INDICATII MULTIPLE 100 ML ,10,596.65,710,522.5,0,0,74.15,253,243,0
11-Jul-24,147807,LRP CICAPLAST B5+ BALSAM REPARATOR CALMANT CU INDICATII MULTIPLE 100 ML ,12,715.97,852,627,0,0,88.97,243,381,0
12-Jul-24,147807,LRP CICAPLAST B5+ BALSAM REPARATOR CALMANT CU INDICATII MULTIPLE 100 ML ,8,477.28,568,418,0,0,59.28,381,373,0
13-Jul-24,147807,LRP CICAPLAST B5+ BALSAM REPARATOR CALMANT CU INDICATII MULTIPLE 100 ML ,11,656.3,781,574.75,0,0,81.55,373,362,0
14-Jul-24,147807,LRP CICAPLAST B5+ BALSAM REPARATOR CALMANT CU INDICATII MULTIPLE 100 ML ,11,656.26,781,574.75,0,0,81.51,362,351,0
15-Jul-24,147807,LRP CICAPLAST B5+ BALSAM REPARATOR CALMANT CU INDICATII MULTIPLE 100 ML ,17,1014.25,1207,888.25,0,0,126,351,334,0
16-Jul-24,147807,LRP CICAPLAST B5+ BALSAM REPARATOR CALMANT CU INDICATII MULTIPLE 100 ML ,8,477.28,568,418,0,0,59.28,334,326,0
17-Jul-24,147807,LRP CICAPLAST B5+ BALSAM REPARATOR CALMANT CU INDICATII MULTIPLE 100 ML ,13,775.64,923,679.25,0,0,96.39,326,313,0
18-Jul-24,147807,LRP CICAPLAST B5+ BALSAM REPARATOR CALMANT CU INDICATII MULTIPLE 100 ML ,7,417.63,497,365.75,0,0,51.88,313,306,0
19-Jul-24,147807,LRP CICAPLAST B5+ BALSAM REPARATOR CALMANT CU INDICATII MULTIPLE 100 ML ,7,417.63,497,365.75,0,0,51.88,306,299,0
20-Jul-24,147807,LRP CICAPLAST B5+ BALSAM REPARATOR CALMANT CU INDICATII MULTIPLE 100 ML ,14,835.28,994,731.5,0,0,103.78,299,285,0
21-Jul-24,147807,LRP CICAPLAST B5+ BALSAM REPARATOR CALMANT CU INDICATII MULTIPLE 100 ML ,16,954.58,1136,836,0,0,118.58,285,269,0
22-Jul-24,147807,LRP CICAPLAST B5+ BALSAM REPARATOR CALMANT CU INDICATII MULTIPLE 100 ML ,6,357.96,426,313.5,0,0,44.46,269,263,0
23-Jul-24,147807,LRP CICAPLAST B5+ BALSAM REPARATOR CALMANT CU INDICATII MULTIPLE 100 ML ,7,417.65,497,365.75,0,0,51.9,263,296,0
24-Jul-24,147807,LRP CICAPLAST B5+ BALSAM REPARATOR CALMANT CU INDICATII MULTIPLE 100 ML ,3,178.98,213,156.75,0,0,22.23,296,293,0
25-Jul-24,147807,LRP CICAPLAST B5+ BALSAM REPARATOR CALMANT CU INDICATII MULTIPLE 100 ML ,11,656.31,781,574.75,0,0,81.56,293,282,0
26-Jul-24,147807,LRP CICAPLAST B5+ BALSAM REPARATOR CALMANT CU INDICATII MULTIPLE 100 ML ,7,417.63,497,365.75,0,0,51.88,282,275,0
27-Jul-24,147807,LRP CICAPLAST B5+ BALSAM REPARATOR CALMANT CU INDICATII MULTIPLE 100 ML ,8,477.29,568,418,0,0,59.29,275,267,0
28-Jul-24,147807,LRP CICAPLAST B5+ BALSAM REPARATOR CALMANT CU INDICATII MULTIPLE 100 ML ,8,477.29,568,418,0,0,59.29,267,259,0
29-Jul-24,147807,LRP CICAPLAST B5+ BALSAM REPARATOR CALMANT CU INDICATII MULTIPLE 100 ML ,6,357.98,426,313.5,0,0,44.48,259,313,0
30-Jul-24,147807,LRP CICAPLAST B5+ BALSAM REPARATOR CALMANT CU INDICATII MULTIPLE 100 ML ,11,656.28,781,574.75,0,0,81.53,313,302,0
31-Jul-24,147807,LRP CICAPLAST B5+ BALSAM REPARATOR CALMANT CU INDICATII MULTIPLE 100 ML ,7,417.65,497,365.75,0,0,51.9,302,415,0
01-Aug-24,147807,LRP CICAPLAST B5+ BALSAM REPARATOR CALMANT CU INDICATII MULTIPLE 100 ML ,4,238.66,284,209,0,0,29.66,415,411,0
02-Aug-24,147807,LRP CICAPLAST B5+ BALSAM REPARATOR CALMANT CU INDICATII MULTIPLE 100 ML ,11,656.28,781,574.75,0,0,81.53,411,400,0
03-Aug-24,147807,LRP CICAPLAST B5+ BALSAM REPARATOR CALMANT CU INDICATII MULTIPLE 100 ML ,8,477.31,568,418,0,0,59.31,400,392,0
04-Aug-24,147807,LRP CICAPLAST B5+ BALSAM REPARATOR CALMANT CU INDICATII MULTIPLE 100 ML ,10,596.62,710,522.5,0,0,74.12,392,382,0
05-Aug-24,147807,LRP CICAPLAST B5+ BALSAM REPARATOR CALMANT CU INDICATII MULTIPLE 100 ML ,8,477.32,568,418,0,0,59.32,382,374,0
06-Aug-24,147807,LRP CICAPLAST B5+ BALSAM REPARATOR CALMANT CU INDICATII MULTIPLE 100 ML ,8,477.28,568,418,0,0,59.28,374,366,0
07-Aug-24,147807,LRP CICAPLAST B5+ BALSAM REPARATOR CALMANT CU INDICATII MULTIPLE 100 ML ,5,298.3,355,261.25,0,0,37.05,366,361,0
08-Aug-24,147807,LRP CICAPLAST B5+ BALSAM REPARATOR CALMANT CU INDICATII MULTIPLE 100 ML ,7,417.61,497,365.75,0,0,51.86,361,354,0
09-Aug-24,147807,LRP CICAPLAST B5+ BALSAM REPARATOR CALMANT CU INDICATII MULTIPLE 100 ML ,12,715.92,852,627,0,0,88.92,354,342,0
10-Aug-24,147807,LRP CICAPLAST B5+ BALSAM REPARATOR CALMANT CU INDICATII MULTIPLE 100 ML ,12,715.98,852,627,0,0,88.98,342,330,0
11-Aug-24,147807,LRP CICAPLAST B5+ BALSAM REPARATOR CALMANT CU INDICATII MULTIPLE 100 ML ,13,775.63,923,679.25,0,0,96.38,330,317,0
12-Aug-24,147807,LRP CICAPLAST B5+ BALSAM REPARATOR CALMANT CU INDICATII MULTIPLE 100 ML ,8,477.28,568,418,0,0,59.28,317,309,0
13-Aug-24,147807,LRP CICAPLAST B5+ BALSAM REPARATOR CALMANT CU INDICATII MULTIPLE 100 ML ,15,894.93,1065,783.75,0,0,111.18,309,294,0
14-Aug-24,147807,LRP CICAPLAST B5+ BALSAM REPARATOR CALMANT CU INDICATII MULTIPLE 100 ML ,12,715.96,852,627,0,0,88.96,294,382,0
15-Aug-24,147807,LRP CICAPLAST B5+ BALSAM REPARATOR CALMANT CU INDICATII MULTIPLE 100 ML ,8,477.33,568,418,0,0,59.33,382,374,0
16-Aug-24,147807,LRP CICAPLAST B5+ BALSAM REPARATOR CALMANT CU INDICATII MULTIPLE 100 ML ,4,238.66,284,209,0,0,29.66,374,370,0
17-Aug-24,147807,LRP CICAPLAST B5+ BALSAM REPARATOR CALMANT CU INDICATII MULTIPLE 100 ML ,4,238.64,284,209,0,0,29.64,370,366,0
18-Aug-24,147807,LRP CICAPLAST B5+ BALSAM REPARATOR CALMANT CU INDICATII MULTIPLE 100 ML ,10,596.6,710,522.5,0,0,74.1,366,356,0
19-Aug-24,147807,LRP CICAPLAST B5+ BALSAM REPARATOR CALMANT CU INDICATII MULTIPLE 100 ML ,6,357.96,426,313.5,0,0,44.46,356,350,0
20-Aug-24,147807,LRP CICAPLAST B5+ BALSAM REPARATOR CALMANT CU INDICATII MULTIPLE 100 ML ,11,656.29,781,574.75,0,0,81.54,350,339,0
21-Aug-24,147807,LRP CICAPLAST B5+ BALSAM REPARATOR CALMANT CU INDICATII MULTIPLE 100 ML ,3,179,213,156.75,0,0,22.25,339,336,0
22-Aug-24,147807,LRP CICAPLAST B5+ BALSAM REPARATOR CALMANT CU INDICATII MULTIPLE 100 ML ,11,656.27,781,574.75,0,0,81.52,336,325,0
23-Aug-24,147807,LRP CICAPLAST B5+ BALSAM REPARATOR CALMANT CU INDICATII MULTIPLE 100 ML ,7,417.64,497,365.75,0,0,51.89,325,318,0
24-Aug-24,147807,LRP CICAPLAST B5+ BALSAM REPARATOR CALMANT CU INDICATII MULTIPLE 100 ML ,4,238.66,284,209,0,0,29.66,318,314,0
25-Aug-24,147807,LRP CICAPLAST B5+ BALSAM REPARATOR CALMANT CU INDICATII MULTIPLE 100 ML ,4,238.66,284,209,0,0,29.66,314,310,0
26-Aug-24,147807,LRP CICAPLAST B5+ BALSAM REPARATOR CALMANT CU INDICATII MULTIPLE 100 ML ,4,238.64,284,209,0,0,29.64,310,306,0
27-Aug-24,147807,LRP CICAPLAST B5+ BALSAM REPARATOR CALMANT CU INDICATII MULTIPLE 100 ML ,5,298.3,355,261.25,0,0,37.05,306,301,0
28-Aug-24,147807,LRP CICAPLAST B5+ BALSAM REPARATOR CALMANT CU INDICATII MULTIPLE 100 ML ,4,238.66,284,209,0,0,29.66,301,297,0
29-Aug-24,147807,LRP CICAPLAST B5+ BALSAM REPARATOR CALMANT CU INDICATII MULTIPLE 100 ML ,8,477.31,568,418,0,0,59.31,297,289,0
30-Aug-24,147807,LRP CICAPLAST B5+ BALSAM REPARATOR CALMANT CU INDICATII MULTIPLE 100 ML ,12,715.94,852,627,0,0,88.94,289,277,0
31-Aug-24,147807,LRP CICAPLAST B5+ BALSAM REPARATOR CALMANT CU INDICATII MULTIPLE 100 ML ,5,298.31,355,261.25,0,0,37.06,277,272,0
01-Sep-24,147807,LRP CICAPLAST B5+ BALSAM REPARATOR CALMANT CU INDICATII MULTIPLE 100 ML ,6,357.96,426,313.5,0,0,44.46,272,266,0
02-Sep-24,147807,LRP CICAPLAST B5+ BALSAM REPARATOR CALMANT CU INDICATII MULTIPLE 100 ML ,7,417.63,497,365.75,0,0,51.88,266,259,0
03-Sep-24,147807,LRP CICAPLAST B5+ BALSAM REPARATOR CALMANT CU INDICATII MULTIPLE 100 ML ,4,238.65,284,209,0,0,29.65,259,255,0
04-Sep-24,147807,LRP CICAPLAST B5+ BALSAM REPARATOR CALMANT CU INDICATII MULTIPLE 100 ML ,9,536.96,639,470.25,0,0,66.71,255,246,0
05-Sep-24,147807,LRP CICAPLAST B5+ BALSAM REPARATOR CALMANT CU INDICATII MULTIPLE 100 ML ,5,298.32,355,261.25,0,0,37.07,246,241,0
06-Sep-24,147807,LRP CICAPLAST B5+ BALSAM REPARATOR CALMANT CU INDICATII MULTIPLE 100 ML ,6,357.98,426,313.5,0,0,44.48,241,235,0
07-Sep-24,147807,LRP CICAPLAST B5+ BALSAM REPARATOR CALMANT CU INDICATII MULTIPLE 100 ML ,12,715.98,852,627,0,0,88.98,235,223,0
08-Sep-24,147807,LRP CICAPLAST B5+ BALSAM REPARATOR CALMANT CU INDICATII MULTIPLE 100 ML ,9,536.95,639,470.25,0,0,66.7,223,214,0
09-Sep-24,147807,LRP CICAPLAST B5+ BALSAM REPARATOR CALMANT CU INDICATII MULTIPLE 100 ML ,6,357.98,426,313.5,0,0,44.48,214,208,0
10-Sep-24,147807,LRP CICAPLAST B5+ BALSAM REPARATOR CALMANT CU INDICATII MULTIPLE 100 ML ,1,59.65,71,52.25,0,0,7.4,208,207,0
11-Sep-24,147807,LRP CICAPLAST B5+ BALSAM REPARATOR CALMANT CU INDICATII MULTIPLE 100 ML ,4,238.66,284,209,0,0,29.66,207,203,0
12-Sep-24,147807,LRP CICAPLAST B5+ BALSAM REPARATOR CALMANT CU INDICATII MULTIPLE 100 ML ,10,596.6,710,522.5,0,0,74.1,203,193,0
13-Sep-24,147807,LRP CICAPLAST B5+ BALSAM REPARATOR CALMANT CU INDICATII MULTIPLE 100 ML ,7,417.62,497,365.75,0,0,51.87,193,186,0
14-Sep-24,147807,LRP CICAPLAST B5+ BALSAM REPARATOR CALMANT CU INDICATII MULTIPLE 100 ML ,12,715.95,852,627,0,0,88.95,186,174,0
15-Sep-24,147807,LRP CICAPLAST B5+ BALSAM REPARATOR CALMANT CU INDICATII MULTIPLE 100 ML ,10,596.64,710,522.5,0,0,74.14,174,164,0
16-Sep-24,147807,LRP CICAPLAST B5+ BALSAM REPARATOR CALMANT CU INDICATII MULTIPLE 100 ML ,6,357.98,426,313.5,0,0,44.48,164,158,0
17-Sep-24,147807,LRP CICAPLAST B5+ BALSAM REPARATOR CALMANT CU INDICATII MULTIPLE 100 ML ,9,536.94,639,470.25,0,0,66.69,158,221,0
18-Sep-24,147807,LRP CICAPLAST B5+ BALSAM REPARATOR CALMANT CU INDICATII MULTIPLE 100 ML ,7,417.65,497,365.75,0,0,51.9,221,197,0
19-Sep-24,147807,LRP CICAPLAST B5+ BALSAM REPARATOR CALMANT CU INDICATII MULTIPLE 100 ML ,4,238.64,284,209,0,0,29.64,197,193,0
20-Sep-24,147807,LRP CICAPLAST B5+ BALSAM REPARATOR CALMANT CU INDICATII MULTIPLE 100 ML ,8,477.29,568,418,0,0,59.29,193,186,0
21-Sep-24,147807,LRP CICAPLAST B5+ BALSAM REPARATOR CALMANT CU INDICATII MULTIPLE 100 ML ,3,179,213,156.75,0,0,22.25,186,183,0
22-Sep-24,147807,LRP CICAPLAST B5+ BALSAM REPARATOR CALMANT CU INDICATII MULTIPLE 100 ML ,5,298.31,355,261.25,0,0,37.06,183,178,0
23-Sep-24,147807,LRP CICAPLAST B5+ BALSAM REPARATOR CALMANT CU INDICATII MULTIPLE 100 ML ,5,298.31,355,261.25,0,0,37.06,178,173,0
24-Sep-24,147807,LRP CICAPLAST B5+ BALSAM REPARATOR CALMANT CU INDICATII MULTIPLE 100 ML ,4,238.63,284,209,0,0,29.63,173,169,0
25-Sep-24,147807,LRP CICAPLAST B5+ BALSAM REPARATOR CALMANT CU INDICATII MULTIPLE 100 ML ,6,357.97,426,313.5,0,0,44.47,169,163,0
26-Sep-24,147807,LRP CICAPLAST B5+ BALSAM REPARATOR CALMANT CU INDICATII MULTIPLE 100 ML ,11,656.28,781,574.75,0,0,81.53,163,152,0
27-Sep-24,147807,LRP CICAPLAST B5+ BALSAM REPARATOR CALMANT CU INDICATII MULTIPLE 100 ML ,7,417.65,497,365.75,0,0,51.9,152,145,0
28-Sep-24,147807,LRP CICAPLAST B5+ BALSAM REPARATOR CALMANT CU INDICATII MULTIPLE 100 ML ,8,477.34,568,418,0,0,59.34,145,137,0
29-Sep-24,147807,LRP CICAPLAST B5+ BALSAM REPARATOR CALMANT CU INDICATII MULTIPLE 100 ML ,2,119.33,142,104.5,0,0,14.83,137,135,0
30-Sep-24,147807,LRP CICAPLAST B5+ BALSAM REPARATOR CALMANT CU INDICATII MULTIPLE 100 ML ,0,0,0,0,0,0,0,135,134,0
01-Oct-24,147807,LRP CICAPLAST B5+ BALSAM REPARATOR CALMANT CU INDICATII MULTIPLE 100 ML ,9,536.95,639,470.25,0,0,66.7,134,161,0
02-Oct-24,147807,LRP CICAPLAST B5+ BALSAM REPARATOR CALMANT CU INDICATII MULTIPLE 100 ML ,5,298.32,355,261.25,0,0,37.07,161,156,0
03-Oct-24,147807,LRP CICAPLAST B5+ BALSAM REPARATOR CALMANT CU INDICATII MULTIPLE 100 ML ,7,417.64,497,365.75,0,0,51.89,156,149,0
04-Oct-24,147807,LRP CICAPLAST B5+ BALSAM REPARATOR CALMANT CU INDICATII MULTIPLE 100 ML ,8,477.31,568,418,0,0,59.31,149,141,0
05-Oct-24,147807,LRP CICAPLAST B5+ BALSAM REPARATOR CALMANT CU INDICATII MULTIPLE 100 ML ,6,357.97,426,313.5,0,,44.47,141,135,0
06-Oct-24,147807,LRP CICAPLAST B5+ BALSAM REPARATOR CALMANT CU INDICATII MULTIPLE 100 ML ,5,298.32,355,261.25,0,,37.07,135,130,0
07-Oct-24,147807,LRP CICAPLAST B5+ BALSAM REPARATOR CALMANT CU INDICATII MULTIPLE 100 ML ,7,417.65,497,365.75,0,,51.9,130,123,0
08-Oct-24,147807,LRP CICAPLAST B5+ BALSAM REPARATOR CALMANT CU INDICATII MULTIPLE 100 ML ,5,298.32,355,261.25,0,,37.07,123,118,0
09-Oct-24,147807,LRP CICAPLAST B5+ BALSAM REPARATOR CALMANT CU INDICATII MULTIPLE 100 ML ,8,477.32,568,418,0,,59.32,118,110,0
10-Oct-24,147807,LRP CICAPLAST B5+ BALSAM REPARATOR CALMANT CU INDICATII MULTIPLE 100 ML ,8,477.29,568,418,0,,59.29,110,102,0
11-Oct-24,147807,LRP CICAPLAST B5+ BALSAM REPARATOR CALMANT CU INDICATII MULTIPLE 100 ML ,4,238.63,284,209,0,,29.63,102,170,0
12-Oct-24,147807,LRP CICAPLAST B5+ BALSAM REPARATOR CALMANT CU INDICATII MULTIPLE 100 ML ,12,715.94,852,627,0,,88.94,170,158,0
13-Oct-24,147807,LRP CICAPLAST B5+ BALSAM REPARATOR CALMANT CU INDICATII MULTIPLE 100 ML ,14,835.21,994,731.5,0,,103.71,158,144,0
14-Oct-24,147807,LRP CICAPLAST B5+ BALSAM REPARATOR CALMANT CU INDICATII MULTIPLE 100 ML ,13,775.58,923,679.25,0,,96.33,144,131,0
15-Oct-24,147807,LRP CICAPLAST B5+ BALSAM REPARATOR CALMANT CU INDICATII MULTIPLE 100 ML ,6,357.99,426,313.5,0,,44.49,131,125,0
16-Oct-24,147807,LRP CICAPLAST B5+ BALSAM REPARATOR CALMANT CU INDICATII MULTIPLE 100 ML ,11,656.3,781,574.75,0,,81.55,125,114,0
17-Oct-24,147807,LRP CICAPLAST B5+ BALSAM REPARATOR CALMANT CU INDICATII MULTIPLE 100 ML ,9,536.97,639,470.25,0,,66.72,114,105,0
18-Oct-24,147807,LRP CICAPLAST B5+ BALSAM REPARATOR CALMANT CU INDICATII MULTIPLE 100 ML ,16,954.59,1136,836,0,0,118.59,105,189,0
19-Oct-24,147807,LRP CICAPLAST B5+ BALSAM REPARATOR CALMANT CU INDICATII MULTIPLE 100 ML ,9,536.98,639,470.25,0,0,66.73,189,180,0
20-Oct-24,147807,LRP CICAPLAST B5+ BALSAM REPARATOR CALMANT CU INDICATII MULTIPLE 100 ML ,11,656.31,781,574.75,0,0,81.56,180,169,0
21-Oct-24,147807,LRP CICAPLAST B5+ BALSAM REPARATOR CALMANT CU INDICATII MULTIPLE 100 ML ,7,417.62,497,365.75,0,0,51.87,169,162,0
22-Oct-24,147807,LRP CICAPLAST B5+ BALSAM REPARATOR CALMANT CU INDICATII MULTIPLE 100 ML ,8,477.33,568,418,0,0,59.33,162,154,0
23-Oct-24,147807,LRP CICAPLAST B5+ BALSAM REPARATOR CALMANT CU INDICATII MULTIPLE 100 ML ,8,477.3,568,418,0,0,59.3,154,546,0
24-Oct-24,147807,LRP CICAPLAST B5+ BALSAM REPARATOR CALMANT CU INDICATII MULTIPLE 100 ML ,5,298.31,355,261.25,0,0,37.06,546,541,0
25-Oct-24,147807,LRP CICAPLAST B5+ BALSAM REPARATOR CALMANT CU INDICATII MULTIPLE 100 ML ,5,298.3,355,261.25,0,0,37.05,541,536,0
26-Oct-24,147807,LRP CICAPLAST B5+ BALSAM REPARATOR CALMANT CU INDICATII MULTIPLE 100 ML ,11,656.28,781,574.75,0,0,81.53,536,525,0
27-Oct-24,147807,LRP CICAPLAST B5+ BALSAM REPARATOR CALMANT CU INDICATII MULTIPLE 100 ML ,12,715.96,852,627,0,0,88.96,525,513,0
28-Oct-24,147807,LRP CICAPLAST B5+ BALSAM REPARATOR CALMANT CU INDICATII MULTIPLE 100 ML ,5,298.31,355,261.25,0,0,37.06,513,508,0
29-Oct-24,147807,LRP CICAPLAST B5+ BALSAM REPARATOR CALMANT CU INDICATII MULTIPLE 100 ML ,6,357.97,426,313.5,0,0,44.47,508,502,0
30-Oct-24,147807,LRP CICAPLAST B5+ BALSAM REPARATOR CALMANT CU INDICATII MULTIPLE 100 ML ,6,357.97,426,313.5,0,0,44.47,502,496,0
31-Oct-24,147807,LRP CICAPLAST B5+ BALSAM REPARATOR CALMANT CU INDICATII MULTIPLE 100 ML ,7,417.66,497,365.75,0,0,51.91,496,489,0
01-Nov-24,147807,LRP CICAPLAST B5+ BALSAM REPARATOR CALMANT CU INDICATII MULTIPLE 100 ML ,26,1085.8,1292.2,1358.5,553.8,0.428571429,-272.7,489,363,0
02-Nov-24,147807,LRP CICAPLAST B5+ BALSAM REPARATOR CALMANT CU INDICATII MULTIPLE 100 ML ,28,1169.35,1391.6,1463,596.4,0.428571429,-293.65,363,335,0
03-Nov-24,147807,LRP CICAPLAST B5+ BALSAM REPARATOR CALMANT CU INDICATII MULTIPLE 100 ML ,45,1879.33,2236.5,2351.25,958.5,0.428571429,-471.92,335,290,0
04-Nov-24,147807,LRP CICAPLAST B5+ BALSAM REPARATOR CALMANT CU INDICATII MULTIPLE 100 ML ,20,835.21,994,1045,426,0.428571429,-209.79,290,270,0
05-Nov-24,147807,LRP CICAPLAST B5+ BALSAM REPARATOR CALMANT CU INDICATII MULTIPLE 100 ML ,26,1085.83,1292.2,1358.5,553.8,0.428571429,-272.67,270,244,0
06-Nov-24,147807,LRP CICAPLAST B5+ BALSAM REPARATOR CALMANT CU INDICATII MULTIPLE 100 ML ,36,1503.41,1789.2,1881,766.8,0.428571429,-377.59,244,808,0
07-Nov-24,147807,LRP CICAPLAST B5+ BALSAM REPARATOR CALMANT CU INDICATII MULTIPLE 100 ML ,36,1503.45,1789.2,1881,766.8,0.428571429,-377.55,808,772,0
08-Nov-24,147807,LRP CICAPLAST B5+ BALSAM REPARATOR CALMANT CU INDICATII MULTIPLE 100 ML ,52,2171.66,2584.4,2717,1107.6,0.428571429,-545.34,772,720,0
09-Nov-24,147807,LRP CICAPLAST B5+ BALSAM REPARATOR CALMANT CU INDICATII MULTIPLE 100 ML ,44,1837.51,2186.8,2299,937.2,0.428571429,-461.49,720,676,0
10-Nov-24,147807,LRP CICAPLAST B5+ BALSAM REPARATOR CALMANT CU INDICATII MULTIPLE 100 ML ,40,1670.43,1988,2090,852,0.428571429,-419.57,676,636,0
11-Nov-24,147807,LRP CICAPLAST B5+ BALSAM REPARATOR CALMANT CU INDICATII MULTIPLE 100 ML ,28,1169.34,1391.6,1463,596.4,0.428571429,-293.66,636,608,0
12-Nov-24,147807,LRP CICAPLAST B5+ BALSAM REPARATOR CALMANT CU INDICATII MULTIPLE 100 ML ,25,1044.07,1242.5,1306.25,532.5,0.428571429,-262.18,608,583,0
13-Nov-24,147807,LRP CICAPLAST B5+ BALSAM REPARATOR CALMANT CU INDICATII MULTIPLE 100 ML ,32,1336.37,1590.4,1672,681.6,0.428571429,-335.63,583,671,0
14-Nov-24,147807,LRP CICAPLAST B5+ BALSAM REPARATOR CALMANT CU INDICATII MULTIPLE 100 ML ,22,918.79,1093.4,1149.5,468.6,0.428571429,-230.71,671,649,0
15-Nov-24,147807,LRP CICAPLAST B5+ BALSAM REPARATOR CALMANT CU INDICATII MULTIPLE 100 ML ,69,2881.59,3429.3,3605.25,1469.7,0.428571429,-723.66,649,580,0
16-Nov-24,147807,LRP CICAPLAST B5+ BALSAM REPARATOR CALMANT CU INDICATII MULTIPLE 100 ML ,58,2422.21,2882.6,3030.5,1235.4,0.428571429,-608.29,580,522,0
17-Nov-24,147807,LRP CICAPLAST B5+ BALSAM REPARATOR CALMANT CU INDICATII MULTIPLE 100 ML ,63,2631.03,3131.1,3291.75,1341.9,0.428571429,-660.72,522,459,0
18-Nov-24,147807,LRP CICAPLAST B5+ BALSAM REPARATOR CALMANT CU INDICATII MULTIPLE 100 ML ,72,3006.92,3578.4,3762,1533.6,0.428571429,-755.08,459,387,0
19-Nov-24,147807,LRP CICAPLAST B5+ BALSAM REPARATOR CALMANT CU INDICATII MULTIPLE 100 ML ,55,2296.96,2733.5,2873.75,1171.5,0.428571429,-576.79,387,332,0
20-Nov-24,147807,LRP CICAPLAST B5+ BALSAM REPARATOR CALMANT CU INDICATII MULTIPLE 100 ML ,62,2589.26,3081.4,3239.5,1320.6,0.428571429,-650.24,332,270,0
21-Nov-24,147807,LRP CICAPLAST B5+ BALSAM REPARATOR CALMANT CU INDICATII MULTIPLE 100 ML ,14,584.65,695.8,731.5,298.2,0.428571429,-146.85,270,256,0
22-Nov-24,147807,LRP CICAPLAST B5+ BALSAM REPARATOR CALMANT CU INDICATII MULTIPLE 100 ML ,14,584.69,695.8,731.5,298.2,0.428571429,-146.81,256,242,0
23-Nov-24,147807,LRP CICAPLAST B5+ BALSAM REPARATOR CALMANT CU INDICATII MULTIPLE 100 ML ,23,960.55,1143.1,1201.75,489.9,0.428571429,-241.2,242,214,0
24-Nov-24,147807,LRP CICAPLAST B5+ BALSAM REPARATOR CALMANT CU INDICATII MULTIPLE 100 ML ,28,1169.33,1391.6,1463,596.4,0.428571429,-293.67,214,186,0
25-Nov-24,147807,LRP CICAPLAST B5+ BALSAM REPARATOR CALMANT CU INDICATII MULTIPLE 100 ML ,24,1002.28,1192.8,1254,511.2,0.428571429,-251.72,186,162,0
26-Nov-24,147807,LRP CICAPLAST B5+ BALSAM REPARATOR CALMANT CU INDICATII MULTIPLE 100 ML ,24,1002.36,1192.8,1254,511.2,0.428571429,-251.64,162,138,0
27-Nov-24,147807,LRP CICAPLAST B5+ BALSAM REPARATOR CALMANT CU INDICATII MULTIPLE 100 ML ,23,960.52,1143.1,1201.75,489.9,0.428571429,-241.23,138,415,0
28-Nov-24,147807,LRP CICAPLAST B5+ BALSAM REPARATOR CALMANT CU INDICATII MULTIPLE 100 ML ,27,1127.58,1341.9,1410.75,575.1,0.428571429,-283.17,415,388,0
29-Nov-24,147807,LRP CICAPLAST B5+ BALSAM REPARATOR CALMANT CU INDICATII MULTIPLE 100 ML ,22,918.76,1093.4,1149.5,468.6,0.428571429,-230.74,388,366,0
30-Nov-24,147807,LRP CICAPLAST B5+ BALSAM REPARATOR CALMANT CU INDICATII MULTIPLE 100 ML ,24,1002.26,1192.8,1254,511.2,0.428571429,-251.74,366,342,0
01-Dec-24,147807,LRP CICAPLAST B5+ BALSAM REPARATOR CALMANT CU INDICATII MULTIPLE 100 ML ,6,357.99,426,313.5,0,0,44.49,342,336,0
02-Dec-24,147807,LRP CICAPLAST B5+ BALSAM REPARATOR CALMANT CU INDICATII MULTIPLE 100 ML ,4,238.63,284,209,0,0,29.63,336,332,0
03-Dec-24,147807,LRP CICAPLAST B5+ BALSAM REPARATOR CALMANT CU INDICATII MULTIPLE 100 ML ,8,417.62,497,418,71,0.142857143,-0.38,332,324,0
04-Dec-24,147807,LRP CICAPLAST B5+ BALSAM REPARATOR CALMANT CU INDICATII MULTIPLE 100 ML ,15,835.3,994,783.75,71,0.071428571,51.55,324,429,0
05-Dec-24,147807,LRP CICAPLAST B5+ BALSAM REPARATOR CALMANT CU INDICATII MULTIPLE 100 ML ,11,536.93,639,574.75,142,0.222222222,-37.82,429,418,0
06-Dec-24,147807,LRP CICAPLAST B5+ BALSAM REPARATOR CALMANT CU INDICATII MULTIPLE 100 ML ,14,715.95,852,731.5,142,0.166666667,-15.55,418,404,0
07-Dec-24,147807,LRP CICAPLAST B5+ BALSAM REPARATOR CALMANT CU INDICATII MULTIPLE 100 ML ,9,417.65,497,470.25,142,0.285714286,-52.6,404,395,0
08-Dec-24,147807,LRP CICAPLAST B5+ BALSAM REPARATOR CALMANT CU INDICATII MULTIPLE 100 ML ,12,536.96,639,627,213,0.333333333,-90.04,395,383,0
09-Dec-24,147807,LRP CICAPLAST B5+ BALSAM REPARATOR CALMANT CU INDICATII MULTIPLE 100 ML ,16,775.61,923,836,213,0.230769231,-60.39,383,367,0
10-Dec-24,147807,LRP CICAPLAST B5+ BALSAM REPARATOR CALMANT CU INDICATII MULTIPLE 100 ML ,7,417.63,497,365.75,0,0,51.88,367,360,0
11-Dec-24,147807,LRP CICAPLAST B5+ BALSAM REPARATOR CALMANT CU INDICATII MULTIPLE 100 ML ,10,477.31,568,522.5,142,0.25,-45.19,360,350,0
12-Dec-24,147807,LRP CICAPLAST B5+ BALSAM REPARATOR CALMANT CU INDICATII MULTIPLE 100 ML ,21,1014.25,1207,1097.25,284,0.235294118,-83,350,329,0
13-Dec-24,147807,LRP CICAPLAST B5+ BALSAM REPARATOR CALMANT CU INDICATII MULTIPLE 100 ML ,17,894.93,1065,888.25,142,0.133333333,6.68,329,312,0
14-Dec-24,147807,LRP CICAPLAST B5+ BALSAM REPARATOR CALMANT CU INDICATII MULTIPLE 100 ML ,17,835.27,994,888.25,213,0.214285714,-52.98,312,295,0
15-Dec-24,147807,LRP CICAPLAST B5+ BALSAM REPARATOR CALMANT CU INDICATII MULTIPLE 100 ML ,12,536.97,639,627,213,0.333333333,-90.03,295,283,0
16-Dec-24,147807,LRP CICAPLAST B5+ BALSAM REPARATOR CALMANT CU INDICATII MULTIPLE 100 ML ,12,656.26,781,627,71,0.090909091,29.26,283,271,0
17-Dec-24,147807,LRP CICAPLAST B5+ BALSAM REPARATOR CALMANT CU INDICATII MULTIPLE 100 ML ,19,1014.27,1207,992.75,142,0.117647059,21.52,271,252,0
18-Dec-24,147807,LRP CICAPLAST B5+ BALSAM REPARATOR CALMANT CU INDICATII MULTIPLE 100 ML ,6,298.31,355,313.5,71,0.2,-15.19,252,246,0
19-Dec-24,147807,LRP CICAPLAST B5+ BALSAM REPARATOR CALMANT CU INDICATII MULTIPLE 100 ML ,17,596.6,710,888.25,497,0.7,-291.65,246,349,0
20-Dec-24,147807,LRP CICAPLAST B5+ BALSAM REPARATOR CALMANT CU INDICATII MULTIPLE 100 ML ,17,715.96,852,888.25,355,0.416666667,-172.29,349,332,0
21-Dec-24,147807,LRP CICAPLAST B5+ BALSAM REPARATOR CALMANT CU INDICATII MULTIPLE 100 ML ,21,954.59,1136,1097.25,355,0.3125,-142.66,332,311,0
22-Dec-24,147807,LRP CICAPLAST B5+ BALSAM REPARATOR CALMANT CU INDICATII MULTIPLE 100 ML ,8,298.31,355,418,213,0.6,-119.69,311,303,0
23-Dec-24,147807,LRP CICAPLAST B5+ BALSAM REPARATOR CALMANT CU INDICATII MULTIPLE 100 ML ,15,775.57,923,783.75,142,0.153846154,-8.18,303,288,0
24-Dec-24,147807,LRP CICAPLAST B5+ BALSAM REPARATOR CALMANT CU INDICATII MULTIPLE 100 ML ,12,596.62,710,627,142,0.2,-30.38,288,276,0
25-Dec-24,147807,LRP CICAPLAST B5+ BALSAM REPARATOR CALMANT CU INDICATII MULTIPLE 100 ML ,0,0,0,0,0,0,0,276,276,0
26-Dec-24,147807,LRP CICAPLAST B5+ BALSAM REPARATOR CALMANT CU INDICATII MULTIPLE 100 ML ,0,0,0,0,0,0,0,276,276,0
27-Dec-24,147807,LRP CICAPLAST B5+ BALSAM REPARATOR CALMANT CU INDICATII MULTIPLE 100 ML ,16,835.29,994,836,142,0.142857143,-0.71,276,260,0
28-Dec-24,147807,LRP CICAPLAST B5+ BALSAM REPARATOR CALMANT CU INDICATII MULTIPLE 100 ML ,25,1133.56,1349,1306.25,426,0.315789474,-172.69,260,235,0
29-Dec-24,147807,LRP CICAPLAST B5+ BALSAM REPARATOR CALMANT CU INDICATII MULTIPLE 100 ML ,18,894.91,1065,940.5,213,0.2,-45.59,235,217,0
30-Dec-24,147807,LRP CICAPLAST B5+ BALSAM REPARATOR CALMANT CU INDICATII MULTIPLE 100 ML ,26,1133.57,1349,1358.5,497,0.368421053,-224.93,217,191,0
31-Dec-24,147807,LRP CICAPLAST B5+ BALSAM REPARATOR CALMANT CU INDICATII MULTIPLE 100 ML ,3,119.32,142,156.75,71,0.5,-37.43,191,188,0
01-Jan-25,147807,LRP CICAPLAST B5+ BALSAM REPARATOR CALMANT CU INDICATII MULTIPLE 100 ML ,0,0,0,0,0,0,0,188,188,0
02-Jan-25,147807,LRP CICAPLAST B5+ BALSAM REPARATOR CALMANT CU INDICATII MULTIPLE 100 ML ,0,0,0,0,0,0,0,188,188,0
03-Jan-25,147807,LRP CICAPLAST B5+ BALSAM REPARATOR CALMANT CU INDICATII MULTIPLE 100 ML ,17,1014.24,1207,888.25,0,,125.99,188,171,0
04-Jan-25,147807,LRP CICAPLAST B5+ BALSAM REPARATOR CALMANT CU INDICATII MULTIPLE 100 ML ,18,1073.9,1278,940.5,0,,133.4,171,153,0
05-Jan-25,147807,LRP CICAPLAST B5+ BALSAM REPARATOR CALMANT CU INDICATII MULTIPLE 100 ML ,12,715.92,852,627,0,,88.92,153,141,0
06-Jan-25,147807,LRP CICAPLAST B5+ BALSAM REPARATOR CALMANT CU INDICATII MULTIPLE 100 ML ,12,715.94,852,627,0,,88.94,141,129,0
07-Jan-25,147807,LRP CICAPLAST B5+ BALSAM REPARATOR CALMANT CU INDICATII MULTIPLE 100 ML ,10,596.63,710,522.5,0,,74.13,129,119,0
08-Jan-25,147807,LRP CICAPLAST B5+ BALSAM REPARATOR CALMANT CU INDICATII MULTIPLE 100 ML ,9,536.96,639,470.25,0,,66.71,119,110,0
09-Jan-25,147807,LRP CICAPLAST B5+ BALSAM REPARATOR CALMANT CU INDICATII MULTIPLE 100 ML ,13,775.62,923,679.25,0,,96.37,110,97,0
10-Jan-25,147807,LRP CICAPLAST B5+ BALSAM REPARATOR CALMANT CU INDICATII MULTIPLE 100 ML ,12,715.94,852,627,0,,88.94,97,85,0
11-Jan-25,147807,LRP CICAPLAST B5+ BALSAM REPARATOR CALMANT CU INDICATII MULTIPLE 100 ML ,15,894.91,1065,783.75,0,,111.16,85,70,0
12-Jan-25,147807,LRP CICAPLAST B5+ BALSAM REPARATOR CALMANT CU INDICATII MULTIPLE 100 ML ,15,894.92,1065,783.75,0,,111.17,70,55,0
13-Jan-25,147807,LRP CICAPLAST B5+ BALSAM REPARATOR CALMANT CU INDICATII MULTIPLE 100 ML ,7,417.65,497,365.75,0,,51.9,55,48,0
14-Jan-25,147807,LRP CICAPLAST B5+ BALSAM REPARATOR CALMANT CU INDICATII MULTIPLE 100 ML ,10,596.61,710,522.5,0,,74.11,48,38,0
15-Jan-25,147807,LRP CICAPLAST B5+ BALSAM REPARATOR CALMANT CU INDICATII MULTIPLE 100 ML ,14,835.29,994,731.5,0,,103.79,38,224,0
16-Jan-25,147807,LRP CICAPLAST B5+ BALSAM REPARATOR CALMANT CU INDICATII MULTIPLE 100 ML ,12,715.96,852,627,0,,88.96,224,212,0
17-Jan-25,147807,LRP CICAPLAST B5+ BALSAM REPARATOR CALMANT CU INDICATII MULTIPLE 100 ML ,11,656.31,781,574.75,0,,81.56,212,201,0
18-Jan-25,147807,LRP CICAPLAST B5+ BALSAM REPARATOR CALMANT CU INDICATII MULTIPLE 100 ML ,15,894.94,1065,783.75,0,,111.19,201,186,0
19-Jan-25,147807,LRP CICAPLAST B5+ BALSAM REPARATOR CALMANT CU INDICATII MULTIPLE 100 ML ,18,1073.92,1278,940.5,0,,133.42,186,168,0
20-Jan-25,147807,LRP CICAPLAST B5+ BALSAM REPARATOR CALMANT CU INDICATII MULTIPLE 100 ML ,7,417.66,497,365.75,0,,51.91,168,161,0
21-Jan-25,147807,LRP CICAPLAST B5+ BALSAM REPARATOR CALMANT CU INDICATII MULTIPLE 100 ML ,7,417.63,497,365.75,0,0,51.88,161,454,0
22-Jan-25,147807,LRP CICAPLAST B5+ BALSAM REPARATOR CALMANT CU INDICATII MULTIPLE 100 ML ,8,477.31,568,418,0,0,59.31,454,446,0
23-Jan-25,147807,LRP CICAPLAST B5+ BALSAM REPARATOR CALMANT CU INDICATII MULTIPLE 100 ML ,9,536.98,639,470.25,0,0,66.73,446,437,0
24-Jan-25,147807,LRP CICAPLAST B5+ BALSAM REPARATOR CALMANT CU INDICATII MULTIPLE 100 ML ,15,894.92,1065,783.75,0,0,111.17,437,422,0
25-Jan-25,147807,LRP CICAPLAST B5+ BALSAM REPARATOR CALMANT CU INDICATII MULTIPLE 100 ML ,7,417.61,497,365.75,0,0,51.86,422,415,0
26-Jan-25,147807,LRP CICAPLAST B5+ BALSAM REPARATOR CALMANT CU INDICATII MULTIPLE 100 ML ,7,417.64,497,365.75,0,0,51.89,415,408,0
27-Jan-25,147807,LRP CICAPLAST B5+ BALSAM REPARATOR CALMANT CU INDICATII MULTIPLE 100 ML ,5,298.32,355,261.25,0,0,37.07,408,403,0
28-Jan-25,147807,LRP CICAPLAST B5+ BALSAM REPARATOR CALMANT CU INDICATII MULTIPLE 100 ML ,5,298.3,355,261.25,0,0,37.05,403,398,0
29-Jan-25,147807,LRP CICAPLAST B5+ BALSAM REPARATOR CALMANT CU INDICATII MULTIPLE 100 ML ,3,178.98,213,156.75,0,0,22.23,398,395,0
30-Jan-25,147807,LRP CICAPLAST B5+ BALSAM REPARATOR CALMANT CU INDICATII MULTIPLE 100 ML ,11,656.28,781,574.75,0,0,81.53,395,384,0
31-Jan-25,147807,LRP CICAPLAST B5+ BALSAM REPARATOR CALMANT CU INDICATII MULTIPLE 100 ML ,7,417.62,497,365.75,0,0,51.87,384,377,0
01-Feb-25,147807,LRP CICAPLAST B5+ BALSAM REPARATOR CALMANT CU INDICATII MULTIPLE 100 ML ,22,1050.06,1249.6,1149.5,312.4,0.25,-99.44,377,355,0
02-Feb-25,147807,LRP CICAPLAST B5+ BALSAM REPARATOR CALMANT CU INDICATII MULTIPLE 100 ML ,31,1479.61,1760.8,1619.75,440.2,0.25,-140.14,355,324,0
03-Feb-25,147807,LRP CICAPLAST B5+ BALSAM REPARATOR CALMANT CU INDICATII MULTIPLE 100 ML ,16,763.69,908.8,836,227.2,0.25,-72.31,324,308,0
04-Feb-25,147807,LRP CICAPLAST B5+ BALSAM REPARATOR CALMANT CU INDICATII MULTIPLE 100 ML ,22,1050.05,1249.6,1149.5,312.4,0.25,-99.45,308,286,0
05-Feb-25,147807,LRP CICAPLAST B5+ BALSAM REPARATOR CALMANT CU INDICATII MULTIPLE 100 ML ,16,763.68,908.8,836,227.2,0.25,-72.32,286,462,0
06-Feb-25,147807,LRP CICAPLAST B5+ BALSAM REPARATOR CALMANT CU INDICATII MULTIPLE 100 ML ,25,1193.24,1420,1306.25,355,0.25,-113.01,462,437,0
07-Feb-25,147807,LRP CICAPLAST B5+ BALSAM REPARATOR CALMANT CU INDICATII MULTIPLE 100 ML ,18,859.18,1022.4,940.5,255.6,0.25,-81.32,437,419,0
08-Feb-25,147807,LRP CICAPLAST B5+ BALSAM REPARATOR CALMANT CU INDICATII MULTIPLE 100 ML ,17,811.42,965.6,888.25,255.6,0.264705882,-76.83,419,402,0
09-Feb-25,147807,LRP CICAPLAST B5+ BALSAM REPARATOR CALMANT CU INDICATII MULTIPLE 100 ML ,30,1431.87,1704,1567.5,426,0.25,-135.63,402,372,0
10-Feb-25,147807,LRP CICAPLAST B5+ BALSAM REPARATOR CALMANT CU INDICATII MULTIPLE 100 ML ,19,906.89,1079.2,992.75,269.8,0.25,-85.86,372,353,0
11-Feb-25,147807,LRP CICAPLAST B5+ BALSAM REPARATOR CALMANT CU INDICATII MULTIPLE 100 ML ,23,1097.79,1306.4,1201.75,326.6,0.25,-103.96,353,330,0
12-Feb-25,147807,LRP CICAPLAST B5+ BALSAM REPARATOR CALMANT CU INDICATII MULTIPLE 100 ML ,19,906.89,1079.2,992.75,269.8,0.25,-85.86,330,311,0
13-Feb-25,147807,LRP CICAPLAST B5+ BALSAM REPARATOR CALMANT CU INDICATII MULTIPLE 100 ML ,20,954.66,1136,1045,284,0.25,-90.34,311,491,0
14-Feb-25,147807,LRP CICAPLAST B5+ BALSAM REPARATOR CALMANT CU INDICATII MULTIPLE 100 ML ,26,1240.99,1476.8,1358.5,369.2,0.25,-117.51,491,465,0
15-Feb-25,147807,LRP CICAPLAST B5+ BALSAM REPARATOR CALMANT CU INDICATII MULTIPLE 100 ML ,27,1288.72,1533.6,1410.75,383.4,0.25,-122.03,465,438,0
16-Feb-25,147807,LRP CICAPLAST B5+ BALSAM REPARATOR CALMANT CU INDICATII MULTIPLE 100 ML ,19,906.92,1079.2,992.75,269.8,0.25,-85.83,438,419,0
17-Feb-25,147807,LRP CICAPLAST B5+ BALSAM REPARATOR CALMANT CU INDICATII MULTIPLE 100 ML ,11,525.05,624.8,574.75,156.2,0.25,-49.7,419,408,0
18-Feb-25,147807,LRP CICAPLAST B5+ BALSAM REPARATOR CALMANT CU INDICATII MULTIPLE 100 ML ,20,954.63,1136,1045,284,0.25,-90.37,408,388,0
19-Feb-25,147807,LRP CICAPLAST B5+ BALSAM REPARATOR CALMANT CU INDICATII MULTIPLE 100 ML ,18,859.15,1022.4,940.5,255.6,0.25,-81.35,388,370,0
20-Feb-25,147807,LRP CICAPLAST B5+ BALSAM REPARATOR CALMANT CU INDICATII MULTIPLE 100 ML ,26,1241.01,1476.8,1358.5,369.2,0.25,-117.49,370,344,0
21-Feb-25,147807,LRP CICAPLAST B5+ BALSAM REPARATOR CALMANT CU INDICATII MULTIPLE 100 ML ,21,1002.44,1192.8,1097.25,298.2,0.25,-94.81,344,323,0
22-Feb-25,147807,LRP CICAPLAST B5+ BALSAM REPARATOR CALMANT CU INDICATII MULTIPLE 100 ML ,26,1241.02,1476.8,1358.5,369.2,0.25,-117.48,323,297,0
23-Feb-25,147807,LRP CICAPLAST B5+ BALSAM REPARATOR CALMANT CU INDICATII MULTIPLE 100 ML ,33,1575.15,1874.4,1724.25,468.6,0.25,-149.1,297,264,0
24-Feb-25,147807,LRP CICAPLAST B5+ BALSAM REPARATOR CALMANT CU INDICATII MULTIPLE 100 ML ,12,572.77,681.6,627,170.4,0.25,-54.23,264,252,0
25-Feb-25,147807,LRP CICAPLAST B5+ BALSAM REPARATOR CALMANT CU INDICATII MULTIPLE 100 ML ,25,1193.28,1420,1306.25,355,0.25,-112.97,252,227,0
26-Feb-25,147807,LRP CICAPLAST B5+ BALSAM REPARATOR CALMANT CU INDICATII MULTIPLE 100 ML ,17,811.43,965.6,888.25,241.4,0.25,-76.82,227,210,0
27-Feb-25,147807,LRP CICAPLAST B5+ BALSAM REPARATOR CALMANT CU INDICATII MULTIPLE 100 ML ,21,1002.38,1192.8,1097.25,298.2,0.25,-94.87,210,189,0
28-Feb-25,147807,LRP CICAPLAST B5+ BALSAM REPARATOR CALMANT CU INDICATII MULTIPLE 100 ML ,27,1288.75,1533.6,1410.75,383.4,0.25,-122,189,162,0
01-Mar-25,147807,LRP CICAPLAST B5+ BALSAM REPARATOR CALMANT CU INDICATII MULTIPLE 100 ML ,14,835.24,994,731.5,0,0,103.74,162,148,0
02-Mar-25,147807,LRP CICAPLAST B5+ BALSAM REPARATOR CALMANT CU INDICATII MULTIPLE 100 ML ,11,656.28,781,574.75,0,0,81.53,148,137,0
03-Mar-25,147807,LRP CICAPLAST B5+ BALSAM REPARATOR CALMANT CU INDICATII MULTIPLE 100 ML ,15,894.9,1065,783.75,0,0,111.15,137,122,0
04-Mar-25,147807,LRP CICAPLAST B5+ BALSAM REPARATOR CALMANT CU INDICATII MULTIPLE 100 ML ,7,417.62,497,365.75,0,0,51.87,122,115,0
05-Mar-25,147807,LRP CICAPLAST B5+ BALSAM REPARATOR CALMANT CU INDICATII MULTIPLE 100 ML ,13,775.58,923,679.25,0,0,96.33,115,301,0
06-Mar-25,147807,LRP CICAPLAST B5+ BALSAM REPARATOR CALMANT CU INDICATII MULTIPLE 100 ML ,6,357.98,426,313.5,0,0,44.48,301,295,0
07-Mar-25,147807,LRP CICAPLAST B5+ BALSAM REPARATOR CALMANT CU INDICATII MULTIPLE 100 ML ,16,954.58,1136,836,0,0,118.58,295,279,0
08-Mar-25,147807,LRP CICAPLAST B5+ BALSAM REPARATOR CALMANT CU INDICATII MULTIPLE 100 ML ,10,596.64,710,522.5,0,0,74.14,279,269,0
09-Mar-25,147807,LRP CICAPLAST B5+ BALSAM REPARATOR CALMANT CU INDICATII MULTIPLE 100 ML ,15,894.97,1065,783.75,0,0,111.22,269,254,0
10-Mar-25,147807,LRP CICAPLAST B5+ BALSAM REPARATOR CALMANT CU INDICATII MULTIPLE 100 ML ,12,715.93,852,627,0,0,88.93,254,242,0
11-Mar-25,147807,LRP CICAPLAST B5+ BALSAM REPARATOR CALMANT CU INDICATII MULTIPLE 100 ML ,8,477.3,568,418,0,0,59.3,242,234,0
12-Mar-25,147807,LRP CICAPLAST B5+ BALSAM REPARATOR CALMANT CU INDICATII MULTIPLE 100 ML ,8,477.31,568,418,0,0,59.31,234,266,0
13-Mar-25,147807,LRP CICAPLAST B5+ BALSAM REPARATOR CALMANT CU INDICATII MULTIPLE 100 ML ,7,417.65,497,365.75,0,0,51.9,266,259,0
14-Mar-25,147807,LRP CICAPLAST B5+ BALSAM REPARATOR CALMANT CU INDICATII MULTIPLE 100 ML ,14,835.24,994,731.5,0,0,103.74,259,245,0
15-Mar-25,147807,LRP CICAPLAST B5+ BALSAM REPARATOR CALMANT CU INDICATII MULTIPLE 100 ML ,12,715.97,852,627,0,0,88.97,245,233,0
16-Mar-25,147807,LRP CICAPLAST B5+ BALSAM REPARATOR CALMANT CU INDICATII MULTIPLE 100 ML ,12,715.93,852,627,0,0,88.93,233,221,0
17-Mar-25,147807,LRP CICAPLAST B5+ BALSAM REPARATOR CALMANT CU INDICATII MULTIPLE 100 ML ,10,596.61,710,522.5,0,0,74.11,221,211,0
18-Mar-25,147807,LRP CICAPLAST B5+ BALSAM REPARATOR CALMANT CU INDICATII MULTIPLE 100 ML ,13,775.6,923,679.25,0,0,96.35,211,198,0
19-Mar-25,147807,LRP CICAPLAST B5+ BALSAM REPARATOR CALMANT CU INDICATII MULTIPLE 100 ML ,7,417.65,497,365.75,0,0,51.9,198,291,0
20-Mar-25,147807,LRP CICAPLAST B5+ BALSAM REPARATOR CALMANT CU INDICATII MULTIPLE 100 ML ,8,477.33,568,418,0,0,59.33,291,283,0
21-Mar-25,147807,LRP CICAPLAST B5+ BALSAM REPARATOR CALMANT CU INDICATII MULTIPLE 100 ML ,11,656.27,781,574.75,0,0,81.52,283,272,0
22-Mar-25,147807,LRP CICAPLAST B5+ BALSAM REPARATOR CALMANT CU INDICATII MULTIPLE 100 ML ,14,835.27,994,731.5,0,0,103.77,272,258,0
23-Mar-25,147807,LRP CICAPLAST B5+ BALSAM REPARATOR CALMANT CU INDICATII MULTIPLE 100 ML ,6,357.95,426,313.5,0,0,44.45,258,252,0
24-Mar-25,147807,LRP CICAPLAST B5+ BALSAM REPARATOR CALMANT CU INDICATII MULTIPLE 100 ML ,6,357.97,426,313.5,0,0,44.47,252,246,0
25-Mar-25,147807,LRP CICAPLAST B5+ BALSAM REPARATOR CALMANT CU INDICATII MULTIPLE 100 ML ,2,119.32,142,104.5,0,0,14.82,246,244,0
26-Mar-25,147807,LRP CICAPLAST B5+ BALSAM REPARATOR CALMANT CU INDICATII MULTIPLE 100 ML ,5,298.32,355,261.25,0,0,37.07,244,239,0
27-Mar-25,147807,LRP CICAPLAST B5+ BALSAM REPARATOR CALMANT CU INDICATII MULTIPLE 100 ML ,9,536.98,639,470.25,0,0,66.73,239,302,0
28-Mar-25,147807,LRP CICAPLAST B5+ BALSAM REPARATOR CALMANT CU INDICATII MULTIPLE 100 ML ,10,596.63,710,522.5,0,0,74.13,302,292,0
29-Mar-25,147807,LRP CICAPLAST B5+ BALSAM REPARATOR CALMANT CU INDICATII MULTIPLE 100 ML ,11,656.26,781,574.75,0,0,81.51,292,281,0
30-Mar-25,147807,LRP CICAPLAST B5+ BALSAM REPARATOR CALMANT CU INDICATII MULTIPLE 100 ML ,5,298.33,355,261.25,0,0,37.08,281,276,0
31-Mar-25,147807,LRP CICAPLAST B5+ BALSAM REPARATOR CALMANT CU INDICATII MULTIPLE 100 ML ,8,477.31,568,418,0,0,59.31,276,268,0
01-Apr-25,147807,LRP CICAPLAST B5+ BALSAM REPARATOR CALMANT CU INDICATII MULTIPLE 100 ML ,4,238.68,284,209,0,0,29.68,268,264,0
02-Apr-25,147807,LRP CICAPLAST B5+ BALSAM REPARATOR CALMANT CU INDICATII MULTIPLE 100 ML ,9,536.95,639,470.25,0,0,66.7,264,267,0
03-Apr-25,147807,LRP CICAPLAST B5+ BALSAM REPARATOR CALMANT CU INDICATII MULTIPLE 100 ML ,10,596.6,710,522.5,0,0,74.1,267,257,0
04-Apr-25,147807,LRP CICAPLAST B5+ BALSAM REPARATOR CALMANT CU INDICATII MULTIPLE 100 ML ,4,238.65,284,209,0,0,29.65,257,253,0
05-Apr-25,147807,LRP CICAPLAST B5+ BALSAM REPARATOR CALMANT CU INDICATII MULTIPLE 100 ML ,11,656.29,781,574.75,0,0,81.54,253,242,0
06-Apr-25,147807,LRP CICAPLAST B5+ BALSAM REPARATOR CALMANT CU INDICATII MULTIPLE 100 ML ,10,596.64,710,522.5,0,0,74.14,242,232,0
07-Apr-25,147807,LRP CICAPLAST B5+ BALSAM REPARATOR CALMANT CU INDICATII MULTIPLE 100 ML ,13,775.63,923,679.25,0,0,96.38,232,219,0
08-Apr-25,147807,LRP CICAPLAST B5+ BALSAM REPARATOR CALMANT CU INDICATII MULTIPLE 100 ML ,15,894.97,1065,783.75,0,0,111.22,219,204,0
09-Apr-25,147807,LRP CICAPLAST B5+ BALSAM REPARATOR CALMANT CU INDICATII MULTIPLE 100 ML ,7,417.63,497,365.75,0,0,51.88,204,197,0
10-Apr-25,147807,LRP CICAPLAST B5+ BALSAM REPARATOR CALMANT CU INDICATII MULTIPLE 100 ML ,10,596.61,710,522.5,0,0,74.11,197,187,0
11-Apr-25,147807,LRP CICAPLAST B5+ BALSAM REPARATOR CALMANT CU INDICATII MULTIPLE 100 ML ,13,775.64,923,679.25,0,0,96.39,187,174,0
12-Apr-25,147807,LRP CICAPLAST B5+ BALSAM REPARATOR CALMANT CU INDICATII MULTIPLE 100 ML ,14,835.28,994,731.5,0,0,103.78,174,160,0
13-Apr-25,147807,LRP CICAPLAST B5+ BALSAM REPARATOR CALMANT CU INDICATII MULTIPLE 100 ML ,12,715.95,852,627,0,0,88.95,160,148,0
14-Apr-25,147807,LRP CICAPLAST B5+ BALSAM REPARATOR CALMANT CU INDICATII MULTIPLE 100 ML ,10,596.62,710,522.5,0,0,74.12,148,138,0
15-Apr-25,147807,LRP CICAPLAST B5+ BALSAM REPARATOR CALMANT CU INDICATII MULTIPLE 100 ML ,11,656.28,781,574.75,0,0,81.53,138,127,0
16-Apr-25,147807,LRP CICAPLAST B5+ BALSAM REPARATOR CALMANT CU INDICATII MULTIPLE 100 ML ,12,715.95,852,627,0,0,88.95,127,265,0
17-Apr-25,147807,LRP CICAPLAST B5+ BALSAM REPARATOR CALMANT CU INDICATII MULTIPLE 100 ML ,11,656.33,781,574.75,0,0,81.58,265,254,0
18-Apr-25,147807,LRP CICAPLAST B5+ BALSAM REPARATOR CALMANT CU INDICATII MULTIPLE 100 ML ,18,1073.93,1278,940.5,0,0,133.43,254,236,0
19-Apr-25,147807,LRP CICAPLAST B5+ BALSAM REPARATOR CALMANT CU INDICATII MULTIPLE 100 ML ,5,298.31,355,261.25,0,0,37.06,236,231,0
20-Apr-25,147807,LRP CICAPLAST B5+ BALSAM REPARATOR CALMANT CU INDICATII MULTIPLE 100 ML ,0,0,0,0,0,0,0,231,231,0
21-Apr-25,147807,LRP CICAPLAST B5+ BALSAM REPARATOR CALMANT CU INDICATII MULTIPLE 100 ML ,0,0,0,0,0,0,0,231,231,0
22-Apr-25,147807,LRP CICAPLAST B5+ BALSAM REPARATOR CALMANT CU INDICATII MULTIPLE 100 ML ,9,536.94,639,470.25,0,0,66.69,231,222,0
23-Apr-25,147807,LRP CICAPLAST B5+ BALSAM REPARATOR CALMANT CU INDICATII MULTIPLE 100 ML ,11,656.3,781,574.75,0,0,81.55,222,211,0
24-Apr-25,147807,LRP CICAPLAST B5+ BALSAM REPARATOR CALMANT CU INDICATII MULTIPLE 100 ML ,16,954.62,1136,836,0,0,118.62,211,285,0
25-Apr-25,147807,LRP CICAPLAST B5+ BALSAM REPARATOR CALMANT CU INDICATII MULTIPLE 100 ML ,2,119.32,142,104.5,0,0,14.82,285,283,0
26-Apr-25,147807,LRP CICAPLAST B5+ BALSAM REPARATOR CALMANT CU INDICATII MULTIPLE 100 ML ,10,596.65,710,522.5,0,0,74.15,283,273,0
27-Apr-25,147807,LRP CICAPLAST B5+ BALSAM REPARATOR CALMANT CU INDICATII MULTIPLE 100 ML ,11,656.29,781,574.75,0,0,81.54,273,262,0
28-Apr-25,147807,LRP CICAPLAST B5+ BALSAM REPARATOR CALMANT CU INDICATII MULTIPLE 100 ML ,8,477.3,568,418,0,0,59.3,262,254,0
29-Apr-25,147807,LRP CICAPLAST B5+ BALSAM REPARATOR CALMANT CU INDICATII MULTIPLE 100 ML ,13,775.58,923,679.25,0,0,96.33,254,241,0
30-Apr-25,147807,LRP CICAPLAST B5+ BALSAM REPARATOR CALMANT CU INDICATII MULTIPLE 100 ML ,16,954.61,1136,836,0,0,118.61,241,225,0
01-May-25,147807,LRP CICAPLAST B5+ BALSAM REPARATOR CALMANT CU INDICATII MULTIPLE 100 ML ,7,417.63,497,365.75,0,0,51.88,225,218,0
02-May-25,147807,LRP CICAPLAST B5+ BALSAM REPARATOR CALMANT CU INDICATII MULTIPLE 100 ML ,10,596.61,710,522.5,0,0,74.11,218,208,0
03-May-25,147807,LRP CICAPLAST B5+ BALSAM REPARATOR CALMANT CU INDICATII MULTIPLE 100 ML ,13,775.58,923,679.25,0,0,96.33,208,195,0
04-May-25,147807,LRP CICAPLAST B5+ BALSAM REPARATOR CALMANT CU INDICATII MULTIPLE 100 ML ,11,656.27,781,574.75,0,0,81.52,195,184,0
05-May-25,147807,LRP CICAPLAST B5+ BALSAM REPARATOR CALMANT CU INDICATII MULTIPLE 100 ML ,14,835.29,994,731.5,0,0,103.79,184,170,0
06-May-25,147807,LRP CICAPLAST B5+ BALSAM REPARATOR CALMANT CU INDICATII MULTIPLE 100 ML ,2,119.32,142,104.5,0,0,14.82,170,168,0
07-May-25,147807,LRP CICAPLAST B5+ BALSAM REPARATOR CALMANT CU INDICATII MULTIPLE 100 ML ,9,536.94,639,470.25,0,0,66.69,168,231,0
08-May-25,147807,LRP CICAPLAST B5+ BALSAM REPARATOR CALMANT CU INDICATII MULTIPLE 100 ML ,7,417.66,497,365.75,0,0,51.91,231,224,0
09-May-25,147807,LRP CICAPLAST B5+ BALSAM REPARATOR CALMANT CU INDICATII MULTIPLE 100 ML ,7,417.64,497,365.75,0,0,51.89,224,217,0
10-May-25,147807,LRP CICAPLAST B5+ BALSAM REPARATOR CALMANT CU INDICATII MULTIPLE 100 ML ,16,954.64,1136,836,0,0,118.64,217,201,0
11-May-25,147807,LRP CICAPLAST B5+ BALSAM REPARATOR CALMANT CU INDICATII MULTIPLE 100 ML ,9,536.96,639,470.25,0,0,66.71,201,192,0
12-May-25,147807,LRP CICAPLAST B5+ BALSAM REPARATOR CALMANT CU INDICATII MULTIPLE 100 ML ,8,477.28,568,418,0,0,59.28,192,184,0
13-May-25,147807,LRP CICAPLAST B5+ BALSAM REPARATOR CALMANT CU INDICATII MULTIPLE 100 ML ,7,417.63,497,365.75,0,0,51.88,184,177,0
14-May-25,147807,LRP CICAPLAST B5+ BALSAM REPARATOR CALMANT CU INDICATII MULTIPLE 100 ML ,13,775.61,923,679.25,0,0,96.36,177,264,0
15-May-25,147807,LRP CICAPLAST B5+ BALSAM REPARATOR CALMANT CU INDICATII MULTIPLE 100 ML ,8,477.3,568,418,0,0,59.3,264,256,0
16-May-25,147807,LRP CICAPLAST B5+ BALSAM REPARATOR CALMANT CU INDICATII MULTIPLE 100 ML ,6,357.98,426,313.5,0,0,44.48,256,250,0
17-May-25,147807,LRP CICAPLAST B5+ BALSAM REPARATOR CALMANT CU INDICATII MULTIPLE 100 ML ,13,775.63,923,679.25,0,0,96.38,250,237,0
18-May-25,147807,LRP CICAPLAST B5+ BALSAM REPARATOR CALMANT CU INDICATII MULTIPLE 100 ML ,17,1014.23,1207,888.25,0,0,125.98,237,220,0
19-May-25,147807,LRP CICAPLAST B5+ BALSAM REPARATOR CALMANT CU INDICATII MULTIPLE 100 ML ,9,536.95,639,470.25,0,0,66.7,220,211,0
20-May-25,147807,LRP CICAPLAST B5+ BALSAM REPARATOR CALMANT CU INDICATII MULTIPLE 100 ML ,9,536.94,639,470.25,0,0,66.69,211,202,0
21-May-25,147807,LRP CICAPLAST B5+ BALSAM REPARATOR CALMANT CU INDICATII MULTIPLE 100 ML ,12,715.95,852,627,0,0,88.95,202,262,0
22-May-25,147807,LRP CICAPLAST B5+ BALSAM REPARATOR CALMANT CU INDICATII MULTIPLE 100 ML ,3,178.99,213,156.75,0,0,22.24,262,259,0
23-May-25,147807,LRP CICAPLAST B5+ BALSAM REPARATOR CALMANT CU INDICATII MULTIPLE 100 ML ,12,715.96,852,627,0,0,88.96,259,247,0
24-May-25,147807,LRP CICAPLAST B5+ BALSAM REPARATOR CALMANT CU INDICATII MULTIPLE 100 ML ,5,298.32,355,261.25,0,0,37.07,247,242,0
25-May-25,147807,LRP CICAPLAST B5+ BALSAM REPARATOR CALMANT CU INDICATII MULTIPLE 100 ML ,11,656.27,781,574.75,0,0,81.52,242,231,0
26-May-25,147807,LRP CICAPLAST B5+ BALSAM REPARATOR CALMANT CU INDICATII MULTIPLE 100 ML ,8,477.28,568,418,0,0,59.28,231,223,0
27-May-25,147807,LRP CICAPLAST B5+ BALSAM REPARATOR CALMANT CU INDICATII MULTIPLE 100 ML ,9,536.96,639,470.25,0,0,66.71,223,214,0
28-May-25,147807,LRP CICAPLAST B5+ BALSAM REPARATOR CALMANT CU INDICATII MULTIPLE 100 ML ,6,357.96,426,313.5,0,0,44.46,214,448,0
29-May-25,147807,LRP CICAPLAST B5+ BALSAM REPARATOR CALMANT CU INDICATII MULTIPLE 100 ML ,5,298.32,355,261.25,0,0,37.07,448,443,0
30-May-25,147807,LRP CICAPLAST B5+ BALSAM REPARATOR CALMANT CU INDICATII MULTIPLE 100 ML ,10,596.62,710,522.5,0,0,74.12,443,433,0
31-May-25,147807,LRP CICAPLAST B5+ BALSAM REPARATOR CALMANT CU INDICATII MULTIPLE 100 ML ,11,656.28,781,574.75,0,0,81.53,433,422,0
01-Jun-25,147807,LRP CICAPLAST B5+ BALSAM REPARATOR CALMANT CU INDICATII MULTIPLE 100 ML ,12,537.01,639,627,213,0.333333333,-89.99,422,410,0
02-Jun-25,147807,LRP CICAPLAST B5+ BALSAM REPARATOR CALMANT CU INDICATII MULTIPLE 100 ML ,16,715.99,852,836,284,0.333333333,-120.01,410,394,0
03-Jun-25,147807,LRP CICAPLAST B5+ BALSAM REPARATOR CALMANT CU INDICATII MULTIPLE 100 ML ,14,626.5,745.5,731.5,248.5,0.333333333,-105,394,380,0
04-Jun-25,147807,LRP CICAPLAST B5+ BALSAM REPARATOR CALMANT CU INDICATII MULTIPLE 100 ML ,18,805.5,958.5,940.5,319.5,0.333333333,-135,380,362,0
05-Jun-25,147807,LRP CICAPLAST B5+ BALSAM REPARATOR CALMANT CU INDICATII MULTIPLE 100 ML ,19,850.26,1011.75,992.75,337.25,0.333333333,-142.49,362,383,0
06-Jun-25,147807,LRP CICAPLAST B5+ BALSAM REPARATOR CALMANT CU INDICATII MULTIPLE 100 ML ,15,671.23,798.75,783.75,266.25,0.333333333,-112.52,383,368,0
07-Jun-25,147807,LRP CICAPLAST B5+ BALSAM REPARATOR CALMANT CU INDICATII MULTIPLE 100 ML ,19,850.23,1011.75,992.75,337.25,0.333333333,-142.52,368,349,0
08-Jun-25,147807,LRP CICAPLAST B5+ BALSAM REPARATOR CALMANT CU INDICATII MULTIPLE 100 ML ,19,850.21,1011.75,992.75,337.25,0.333333333,-142.54,349,330,0
09-Jun-25,147807,LRP CICAPLAST B5+ BALSAM REPARATOR CALMANT CU INDICATII MULTIPLE 100 ML ,14,626.47,745.5,731.5,248.5,0.333333333,-105.03,330,316,0
10-Jun-25,147807,LRP CICAPLAST B5+ BALSAM REPARATOR CALMANT CU INDICATII MULTIPLE 100 ML ,24,1073.96,1278,1254,426,0.333333333,-180.04,316,292,0
11-Jun-25,147807,LRP CICAPLAST B5+ BALSAM REPARATOR CALMANT CU INDICATII MULTIPLE 100 ML ,31,1387.15,1650.75,1619.75,550.25,0.333333333,-232.6,292,261,0
12-Jun-25,147807,LRP CICAPLAST B5+ BALSAM REPARATOR CALMANT CU INDICATII MULTIPLE 100 ML ,35,1566.21,1863.75,1828.75,621.25,0.333333333,-262.54,261,226,0
13-Jun-25,147807,LRP CICAPLAST B5+ BALSAM REPARATOR CALMANT CU INDICATII MULTIPLE 100 ML ,23,1029.28,1224.75,1201.75,408.25,0.333333333,-172.47,226,203,0
14-Jun-25,147807,LRP CICAPLAST B5+ BALSAM REPARATOR CALMANT CU INDICATII MULTIPLE 100 ML ,32,1431.99,1704,1672,568,0.333333333,-240.01,203,171,0
15-Jun-25,147807,LRP CICAPLAST B5+ BALSAM REPARATOR CALMANT CU INDICATII MULTIPLE 100 ML ,31,1387.25,1650.75,1619.75,550.25,0.333333333,-232.5,171,140,0
16-Jun-25,147807,LRP CICAPLAST B5+ BALSAM REPARATOR CALMANT CU INDICATII MULTIPLE 100 ML ,23,1029.24,1224.75,0,408.25,0.333333333,1029.24,140,117,0
17-Jun-25,147807,LRP CICAPLAST B5+ BALSAM REPARATOR CALMANT CU INDICATII MULTIPLE 100 ML ,20,895.03,1065,1045,355,0.333333333,-149.97,117,97,0
18-Jun-25,147807,LRP CICAPLAST B5+ BALSAM REPARATOR CALMANT CU INDICATII MULTIPLE 100 ML ,26,1163.51,1384.51,1358.5,461.49,0.333323703,-194.99,97,371,0
19-Jun-25,147807,LRP CICAPLAST B5+ BALSAM REPARATOR CALMANT CU INDICATII MULTIPLE 100 ML ,22,984.5,1171.5,1149.5,390.5,0.333333333,-165,371,349,0
20-Jun-25,147807,LRP CICAPLAST B5+ BALSAM REPARATOR CALMANT CU INDICATII MULTIPLE 100 ML ,27,1208.23,1437.75,1410.75,479.25,0.333333333,-202.52,349,322,0
21-Jun-25,147807,LRP CICAPLAST B5+ BALSAM REPARATOR CALMANT CU INDICATII MULTIPLE 100 ML ,14,626.51,745.5,731.5,248.5,0.333333333,-104.99,322,308,0
22-Jun-25,147807,LRP CICAPLAST B5+ BALSAM REPARATOR CALMANT CU INDICATII MULTIPLE 100 ML ,23,1029.23,1224.75,1201.75,408.25,0.333333333,-172.52,308,285,0
23-Jun-25,147807,LRP CICAPLAST B5+ BALSAM REPARATOR CALMANT CU INDICATII MULTIPLE 100 ML ,14,626.49,745.5,731.5,248.5,0.333333333,-105.01,285,281,0
24-Jun-25,147807,LRP CICAPLAST B5+ BALSAM REPARATOR CALMANT CU INDICATII MULTIPLE 100 ML ,14,626.5,745.5,731.5,248.5,0.333333333,-105,281,267,0
25-Jun-25,147807,LRP CICAPLAST B5+ BALSAM REPARATOR CALMANT CU INDICATII MULTIPLE 100 ML ,15,671.2,798.75,783.75,266.25,0.333333333,-112.55,267,252,0
26-Jun-25,147807,LRP CICAPLAST B5+ BALSAM REPARATOR CALMANT CU INDICATII MULTIPLE 100 ML ,18,805.49,958.5,940.5,319.5,0.333333333,-135.01,252,434,0
27-Jun-25,147807,LRP CICAPLAST B5+ BALSAM REPARATOR CALMANT CU INDICATII MULTIPLE 100 ML ,16,715.98,852,836,284,0.333333333,-120.02,434,418,0
28-Jun-25,147807,LRP CICAPLAST B5+ BALSAM REPARATOR CALMANT CU INDICATII MULTIPLE 100 ML ,24,1074,1278,1254,426,0.333333333,-180,418,394,0
29-Jun-25,147807,LRP CICAPLAST B5+ BALSAM REPARATOR CALMANT CU INDICATII MULTIPLE 100 ML ,22,984.48,1171.5,1149.5,390.5,0.333333333,-165.02,394,372,0
30-Jun-25,147807,LRP CICAPLAST B5+ BALSAM REPARATOR CALMANT CU INDICATII MULTIPLE 100 ML ,19,850.24,1011.75,992.75,337.25,0.333333333,-142.51,372,353,0
01-Jul-25,147807,LRP CICAPLAST B5+ BALSAM REPARATOR CALMANT CU INDICATII MULTIPLE 100 ML ,10,596.61,710,522.5,0,0,74.11,353,343,0
02-Jul-25,147807,LRP CICAPLAST B5+ BALSAM REPARATOR CALMANT CU INDICATII MULTIPLE 100 ML ,10,596.63,710,522.5,0,0,74.13,343,333,0
03-Jul-25,147807,LRP CICAPLAST B5+ BALSAM REPARATOR CALMANT CU INDICATII MULTIPLE 100 ML ,7,417.64,497,365.75,0,0,51.89,333,326,0
04-Jul-25,147807,LRP CICAPLAST B5+ BALSAM REPARATOR CALMANT CU INDICATII MULTIPLE 100 ML ,15,894.91,1065,783.75,0,0,111.16,326,311,0
05-Jul-25,147807,LRP CICAPLAST B5+ BALSAM REPARATOR CALMANT CU INDICATII MULTIPLE 100 ML ,17,1014.24,1207,888.25,0,0,125.99,311,294,0
06-Jul-25,147807,LRP CICAPLAST B5+ BALSAM REPARATOR CALMANT CU INDICATII MULTIPLE 100 ML ,12,715.96,852,627,0,0,88.96,294,282,0
07-Jul-25,147807,LRP CICAPLAST B5+ BALSAM REPARATOR CALMANT CU INDICATII MULTIPLE 100 ML ,7,417.62,497,365.75,0,0,51.87,282,275,0
08-Jul-25,147807,LRP CICAPLAST B5+ BALSAM REPARATOR CALMANT CU INDICATII MULTIPLE 100 ML ,11,656.27,781,574.75,0,0,81.52,275,264,0
09-Jul-25,147807,LRP CICAPLAST B5+ BALSAM REPARATOR CALMANT CU INDICATII MULTIPLE 100 ML ,15,894.93,1065,783.75,0,0,111.18,264,499,0
10-Jul-25,147807,LRP CICAPLAST B5+ BALSAM REPARATOR CALMANT CU INDICATII MULTIPLE 100 ML ,14,835.25,994,731.5,0,0,103.75,499,485,0
11-Jul-25,147807,LRP CICAPLAST B5+ BALSAM REPARATOR CALMANT CU INDICATII MULTIPLE 100 ML ,9,536.95,639,470.25,0,0,66.7,485,476,0
12-Jul-25,147807,LRP CICAPLAST B5+ BALSAM REPARATOR CALMANT CU INDICATII MULTIPLE 100 ML ,9,536.96,639,470.25,0,0,66.71,476,467,0
13-Jul-25,147807,LRP CICAPLAST B5+ BALSAM REPARATOR CALMANT CU INDICATII MULTIPLE 100 ML ,12,715.93,852,627,0,0,88.93,467,455,0
14-Jul-25,147807,LRP CICAPLAST B5+ BALSAM REPARATOR CALMANT CU INDICATII MULTIPLE 100 ML ,13,775.6,923,679.25,0,0,96.35,455,442,0
15-Jul-25,147807,LRP CICAPLAST B5+ BALSAM REPARATOR CALMANT CU INDICATII MULTIPLE 100 ML ,11,656.3,781,574.75,0,0,81.55,442,431,0
16-Jul-25,147807,LRP CICAPLAST B5+ BALSAM REPARATOR CALMANT CU INDICATII MULTIPLE 100 ML ,11,656.28,781,574.75,0,0,81.53,431,420,0
17-Jul-25,147807,LRP CICAPLAST B5+ BALSAM REPARATOR CALMANT CU INDICATII MULTIPLE 100 ML ,15,894.95,1065,783.75,0,0,111.2,420,405,0
18-Jul-25,147807,LRP CICAPLAST B5+ BALSAM REPARATOR CALMANT CU INDICATII MULTIPLE 100 ML ,13,775.61,923,679.25,0,0,96.36,405,392,0
19-Jul-25,147807,LRP CICAPLAST B5+ BALSAM REPARATOR CALMANT CU INDICATII MULTIPLE 100 ML ,6,357.96,426,313.5,0,0,44.46,392,386,0
20-Jul-25,147807,LRP CICAPLAST B5+ BALSAM REPARATOR CALMANT CU INDICATII MULTIPLE 100 ML ,7,417.62,497,365.75,0,0,51.87,386,379,0
21-Jul-25,147807,LRP CICAPLAST B5+ BALSAM REPARATOR CALMANT CU INDICATII MULTIPLE 100 ML ,6,357.96,426,313.5,0,0,44.46,379,373,0
22-Jul-25,147807,LRP CICAPLAST B5+ BALSAM REPARATOR CALMANT CU INDICATII MULTIPLE 100 ML ,2,119.32,142,104.5,0,0,14.82,373,371,0
23-Jul-25,147807,LRP CICAPLAST B5+ BALSAM REPARATOR CALMANT CU INDICATII MULTIPLE 100 ML ,9,536.96,639,470.25,0,0,66.71,371,362,0
24-Jul-25,147807,LRP CICAPLAST B5+ BALSAM REPARATOR CALMANT CU INDICATII MULTIPLE 100 ML ,11,656.3,781,574.75,0,0,81.55,362,352,0
25-Jul-25,147807,LRP CICAPLAST B5+ BALSAM REPARATOR CALMANT CU INDICATII MULTIPLE 100 ML ,12,715.92,852,627,0,0,88.92,352,340,0
26-Jul-25,147807,LRP CICAPLAST B5+ BALSAM REPARATOR CALMANT CU INDICATII MULTIPLE 100 ML ,15,894.93,1065,783.75,0,0,111.18,340,325,0
27-Jul-25,147807,LRP CICAPLAST B5+ BALSAM REPARATOR CALMANT CU INDICATII MULTIPLE 100 ML ,13,775.65,923,679.25,0,0,96.4,325,312,0
28-Jul-25,147807,LRP CICAPLAST B5+ BALSAM REPARATOR CALMANT CU INDICATII MULTIPLE 100 ML ,12,731.09,870,627,0,0,104.09,312,300,0
29-Jul-25,147807,LRP CICAPLAST B5+ BALSAM REPARATOR CALMANT CU INDICATII MULTIPLE 100 ML ,8,487.38,580,418,0,0,69.38,300,292,0
30-Jul-25,147807,LRP CICAPLAST B5+ BALSAM REPARATOR CALMANT CU INDICATII MULTIPLE 100 ML ,8,487.36,580,418,0,0,69.36,292,284,0
31-Jul-25,147807,LRP CICAPLAST B5+ BALSAM REPARATOR CALMANT CU INDICATII MULTIPLE 100 ML ,8,487.35,580,418,0,0,69.35,284,276,0
01-Aug-25,147807,LRP CICAPLAST B5+ BALSAM REPARATOR CALMANT CU INDICATII MULTIPLE 100 ML ,9,539.27,652.5,470.25,0,0,69.02,276,267,0
02-Aug-25,147807,LRP CICAPLAST B5+ BALSAM REPARATOR CALMANT CU INDICATII MULTIPLE 100 ML ,8,479.36,580,418,0,0,61.36,267,259,0
03-Aug-25,147807,LRP CICAPLAST B5+ BALSAM REPARATOR CALMANT CU INDICATII MULTIPLE 100 ML ,8,479.35,580,418,0,0,61.35,259,251,0
04-Aug-25,147807,LRP CICAPLAST B5+ BALSAM REPARATOR CALMANT CU INDICATII MULTIPLE 100 ML ,13,778.96,942.5,679.25,0,0,99.71,251,238,0
05-Aug-25,147807,LRP CICAPLAST B5+ BALSAM REPARATOR CALMANT CU INDICATII MULTIPLE 100 ML ,6,359.51,435,313.5,0,0,46.01,238,312,0
06-Aug-25,147807,LRP CICAPLAST B5+ BALSAM REPARATOR CALMANT CU INDICATII MULTIPLE 100 ML ,15,898.76,1087.5,783.75,0,0,115.01,312,297,0
07-Aug-25,147807,LRP CICAPLAST B5+ BALSAM REPARATOR CALMANT CU INDICATII MULTIPLE 100 ML ,9,539.28,652.5,470.25,0,0,69.03,297,288,0
08-Aug-25,147807,LRP CICAPLAST B5+ BALSAM REPARATOR CALMANT CU INDICATII MULTIPLE 100 ML ,5,299.6,362.5,261.25,0,0,38.35,288,283,0
09-Aug-25,147807,LRP CICAPLAST B5+ BALSAM REPARATOR CALMANT CU INDICATII MULTIPLE 100 ML ,15,898.76,1087.5,783.75,0,0,115.01,283,268,0
10-Aug-25,147807,LRP CICAPLAST B5+ BALSAM REPARATOR CALMANT CU INDICATII MULTIPLE 100 ML ,13,778.95,942.5,679.25,0,0,99.7,268,255,0
11-Aug-25,147807,LRP CICAPLAST B5+ BALSAM REPARATOR CALMANT CU INDICATII MULTIPLE 100 ML ,16,958.69,1160,836,0,0,122.69,255,239,0
12-Aug-25,147807,LRP CICAPLAST B5+ BALSAM REPARATOR CALMANT CU INDICATII MULTIPLE 100 ML ,11,659.11,797.5,574.75,0,0,84.36,239,228,0
13-Aug-25,147807,LRP CICAPLAST B5+ BALSAM REPARATOR CALMANT CU INDICATII MULTIPLE 100 ML ,9,539.28,652.5,470.25,0,0,69.03,228,269,0
14-Aug-25,147807,LRP CICAPLAST B5+ BALSAM REPARATOR CALMANT CU INDICATII MULTIPLE 100 ML ,8,479.36,580,418,0,0,61.36,269,261,0
15-Aug-25,147807,LRP CICAPLAST B5+ BALSAM REPARATOR CALMANT CU INDICATII MULTIPLE 100 ML ,12,719.06,870,627,0,0,92.06,261,249,0
16-Aug-25,147807,LRP CICAPLAST B5+ BALSAM REPARATOR CALMANT CU INDICATII MULTIPLE 100 ML ,7,419.42,507.5,365.75,0,0,53.67,249,242,0
17-Aug-25,147807,LRP CICAPLAST B5+ BALSAM REPARATOR CALMANT CU INDICATII MULTIPLE 100 ML ,13,778.96,942.5,679.25,0,0,99.71,242,229,0
18-Aug-25,147807,LRP CICAPLAST B5+ BALSAM REPARATOR CALMANT CU INDICATII MULTIPLE 100 ML ,10,599.18,725,522.5,0,0,76.68,229,207,0
19-Aug-25,147807,LRP CICAPLAST B5+ BALSAM REPARATOR CALMANT CU INDICATII MULTIPLE 100 ML ,10,599.19,725,522.5,0,0,76.69,207,197,0
20-Aug-25,147807,LRP CICAPLAST B5+ BALSAM REPARATOR CALMANT CU INDICATII MULTIPLE 100 ML ,3,179.77,217.5,156.75,0,0,23.02,197,274,0
21-Aug-25,147807,LRP CICAPLAST B5+ BALSAM REPARATOR CALMANT CU INDICATII MULTIPLE 100 ML ,4,239.68,290,209,0,0,30.68,274,270,0
22-Aug-25,147807,LRP CICAPLAST B5+ BALSAM REPARATOR CALMANT CU INDICATII MULTIPLE 100 ML ,5,299.59,362.5,261.25,0,0,38.34,270,265,0
23-Aug-25,147807,LRP CICAPLAST B5+ BALSAM REPARATOR CALMANT CU INDICATII MULTIPLE 100 ML ,5,299.59,362.5,261.25,0,0,38.34,265,260,0
24-Aug-25,147807,LRP CICAPLAST B5+ BALSAM REPARATOR CALMANT CU INDICATII MULTIPLE 100 ML ,17,1018.62,1232.5,888.25,0,0,130.37,260,243,0
25-Aug-25,147807,LRP CICAPLAST B5+ BALSAM REPARATOR CALMANT CU INDICATII MULTIPLE 100 ML ,12,719.03,870,627,0,0,92.03,243,231,0
26-Aug-25,147807,LRP CICAPLAST B5+ BALSAM REPARATOR CALMANT CU INDICATII MULTIPLE 100 ML ,7,419.46,507.5,365.75,0,0,53.71,231,224,0
27-Aug-25,147807,LRP CICAPLAST B5+ BALSAM REPARATOR CALMANT CU INDICATII MULTIPLE 100 ML ,11,659.12,797.5,574.75,0,0,84.37,224,213,0
28-Aug-25,147807,LRP CICAPLAST B5+ BALSAM REPARATOR CALMANT CU INDICATII MULTIPLE 100 ML ,5,299.59,362.5,261.25,0,0,38.34,213,232,0
29-Aug-25,147807,LRP CICAPLAST B5+ BALSAM REPARATOR CALMANT CU INDICATII MULTIPLE 100 ML ,15,898.77,1087.5,783.75,0,0,115.02,232,217,0
30-Aug-25,147807,LRP CICAPLAST B5+ BALSAM REPARATOR CALMANT CU INDICATII MULTIPLE 100 ML ,6,359.54,435,313.5,0,0,46.04,217,211,0
31-Aug-25,147807,LRP CICAPLAST B5+ BALSAM REPARATOR CALMANT CU INDICATII MULTIPLE 100 ML ,13,778.93,942.5,679.25,0,0,99.68,211,198,0
01-Sep-25,147807,LRP CICAPLAST B5+ BALSAM REPARATOR CALMANT CU INDICATII MULTIPLE 100 ML ,0,0,0,0,0,0,0,198,197,0
02-Sep-25,147807,LRP CICAPLAST B5+ BALSAM REPARATOR CALMANT CU INDICATII MULTIPLE 100 ML ,10,599.2,725,522.5,0,0,76.7,197,287,0
03-Sep-25,147807,LRP CICAPLAST B5+ BALSAM REPARATOR CALMANT CU INDICATII MULTIPLE 100 ML ,4,239.68,290,209,0,0,30.68,287,283,0
04-Sep-25,147807,LRP CICAPLAST B5+ BALSAM REPARATOR CALMANT CU INDICATII MULTIPLE 100 ML ,6,359.52,435,313.5,0,0,46.02,283,277,0
05-Sep-25,147807,LRP CICAPLAST B5+ BALSAM REPARATOR CALMANT CU INDICATII MULTIPLE 100 ML ,11,659.11,797.5,574.75,0,0,84.36,277,266,0
06-Sep-25,147807,LRP CICAPLAST B5+ BALSAM REPARATOR CALMANT CU INDICATII MULTIPLE 100 ML ,8,479.35,580,418,0,0,61.35,266,258,0
07-Sep-25,147807,LRP CICAPLAST B5+ BALSAM REPARATOR CALMANT CU INDICATII MULTIPLE 100 ML ,10,599.19,725,522.5,0,0,76.69,258,248,0
08-Sep-25,147807,LRP CICAPLAST B5+ BALSAM REPARATOR CALMANT CU INDICATII MULTIPLE 100 ML ,7,419.44,507.5,365.75,0,0,53.69,248,241,0
09-Sep-25,147807,LRP CICAPLAST B5+ BALSAM REPARATOR CALMANT CU INDICATII MULTIPLE 100 ML ,5,299.6,362.5,261.25,0,0,38.35,241,236,0
10-Sep-25,147807,LRP CICAPLAST B5+ BALSAM REPARATOR CALMANT CU INDICATII MULTIPLE 100 ML ,12,719.06,870,627,0,0,92.06,236,224,0
11-Sep-25,147807,LRP CICAPLAST B5+ BALSAM REPARATOR CALMANT CU INDICATII MULTIPLE 100 ML ,3,179.76,217.5,156.75,0,0,23.01,224,221,0
12-Sep-25,147807,LRP CICAPLAST B5+ BALSAM REPARATOR CALMANT CU INDICATII MULTIPLE 100 ML ,13,778.93,942.5,679.25,0,0,99.68,221,208,0
13-Sep-25,147807,LRP CICAPLAST B5+ BALSAM REPARATOR CALMANT CU INDICATII MULTIPLE 100 ML ,7,419.43,507.5,365.75,0,0,53.68,208,201,0
14-Sep-25,147807,LRP CICAPLAST B5+ BALSAM REPARATOR CALMANT CU INDICATII MULTIPLE 100 ML ,6,359.53,435,313.5,0,0,46.03,201,195,0
15-Sep-25,147807,LRP CICAPLAST B5+ BALSAM REPARATOR CALMANT CU INDICATII MULTIPLE 100 ML ,14,838.86,1015,731.5,0,0,107.36,195,181,0
16-Sep-25,147807,LRP CICAPLAST B5+ BALSAM REPARATOR CALMANT CU INDICATII MULTIPLE 100 ML ,10,599.22,725,522.5,0,0,76.72,181,171,0
17-Sep-25,147807,LRP CICAPLAST B5+ BALSAM REPARATOR CALMANT CU INDICATII MULTIPLE 100 ML ,8,479.35,580,418,0,0,61.35,171,199,0
18-Sep-25,147807,LRP CICAPLAST B5+ BALSAM REPARATOR CALMANT CU INDICATII MULTIPLE 100 ML ,12,719.06,870,627,0,0,92.06,199,187,0
19-Sep-25,147807,LRP CICAPLAST B5+ BALSAM REPARATOR CALMANT CU INDICATII MULTIPLE 100 ML ,6,359.49,435,313.5,0,0,45.99,187,181,0
20-Sep-25,147807,LRP CICAPLAST B5+ BALSAM REPARATOR CALMANT CU INDICATII MULTIPLE 100 ML ,7,419.44,507.5,365.75,0,0,53.69,181,174,0
21-Sep-25,147807,LRP CICAPLAST B5+ BALSAM REPARATOR CALMANT CU INDICATII MULTIPLE 100 ML ,5,299.6,362.5,261.25,0,0,38.35,174,169,0
22-Sep-25,147807,LRP CICAPLAST B5+ BALSAM REPARATOR CALMANT CU INDICATII MULTIPLE 100 ML ,8,479.37,580,418,0,0,61.37,169,161,0
23-Sep-25,147807,LRP CICAPLAST B5+ BALSAM REPARATOR CALMANT CU INDICATII MULTIPLE 100 ML ,7,419.46,507.5,365.75,0,0,53.71,161,154,0
24-Sep-25,147807,LRP CICAPLAST B5+ BALSAM REPARATOR CALMANT CU INDICATII MULTIPLE 100 ML ,3,179.78,217.5,156.75,0,0,23.03,154,351,0
25-Sep-25,147807,LRP CICAPLAST B5+ BALSAM REPARATOR CALMANT CU INDICATII MULTIPLE 100 ML ,8,479.35,580,418,0,0,61.35,351,343,0
26-Sep-25,147807,LRP CICAPLAST B5+ BALSAM REPARATOR CALMANT CU INDICATII MULTIPLE 100 ML ,6,359.52,435,313.5,0,0,46.02,343,337,0
27-Sep-25,147807,LRP CICAPLAST B5+ BALSAM REPARATOR CALMANT CU INDICATII MULTIPLE 100 ML ,14,838.88,1015,731.5,0,0,107.38,337,323,0
28-Sep-25,147807,LRP CICAPLAST B5+ BALSAM REPARATOR CALMANT CU INDICATII MULTIPLE 100 ML ,13,778.93,942.5,679.25,0,0,99.68,323,310,0
29-Sep-25,147807,LRP CICAPLAST B5+ BALSAM REPARATOR CALMANT CU INDICATII MULTIPLE 100 ML ,6,359.5,435,313.5,0,0,46,310,304,0
30-Sep-25,147807,LRP CICAPLAST B5+ BALSAM REPARATOR CALMANT CU INDICATII MULTIPLE 100 ML ,8,479.36,580,418,0,0,61.36,304,296,0
01-Oct-25,147807,LRP CICAPLAST B5+ BALSAM REPARATOR CALMANT CU INDICATII MULTIPLE 100 ML ,9,539.27,652.5,470.25,0,0,69.02,296,287,0
02-Oct-25,147807,LRP CICAPLAST B5+ BALSAM REPARATOR CALMANT CU INDICATII MULTIPLE 100 ML ,13,778.95,942.5,679.25,0,0,99.7,287,274,0
03-Oct-25,147807,LRP CICAPLAST B5+ BALSAM REPARATOR CALMANT CU INDICATII MULTIPLE 100 ML ,10,599.19,725,522.5,0,0,76.69,274,264,0
04-Oct-25,147807,LRP CICAPLAST B5+ BALSAM REPARATOR CALMANT CU INDICATII MULTIPLE 100 ML ,16,958.72,1160,836,0,0,122.72,264,248,0
05-Oct-25,147807,LRP CICAPLAST B5+ BALSAM REPARATOR CALMANT CU INDICATII MULTIPLE 100 ML ,16,958.71,1160,836,0,0,122.71,248,232,0
06-Oct-25,147807,LRP CICAPLAST B5+ BALSAM REPARATOR CALMANT CU INDICATII MULTIPLE 100 ML ,12,719.05,870,627,0,0,92.05,232,220,0
07-Oct-25,147807,LRP CICAPLAST B5+ BALSAM REPARATOR CALMANT CU INDICATII MULTIPLE 100 ML ,5,299.6,362.5,261.25,0,0,38.35,220,215,0
08-Oct-25,147807,LRP CICAPLAST B5+ BALSAM REPARATOR CALMANT CU INDICATII MULTIPLE 100 ML ,8,479.36,580,418,0,0,61.36,215,327,0
09-Oct-25,147807,LRP CICAPLAST B5+ BALSAM REPARATOR CALMANT CU INDICATII MULTIPLE 100 ML ,13,778.93,942.5,679.25,0,0,99.68,327,314,0
10-Oct-25,147807,LRP CICAPLAST B5+ BALSAM REPARATOR CALMANT CU INDICATII MULTIPLE 100 ML ,9,539.27,652.5,470.25,0,0,69.02,314,305,0
11-Oct-25,147807,LRP CICAPLAST B5+ BALSAM REPARATOR CALMANT CU INDICATII MULTIPLE 100 ML ,12,719.06,870,627,0,0,92.06,305,293,0
12-Oct-25,147807,LRP CICAPLAST B5+ BALSAM REPARATOR CALMANT CU INDICATII MULTIPLE 100 ML ,17,1018.63,1232.5,888.25,0,0,130.38,293,276,0
13-Oct-25,147807,LRP CICAPLAST B5+ BALSAM REPARATOR CALMANT CU INDICATII MULTIPLE 100 ML ,13,778.95,942.5,679.25,0,0,99.7,276,263,0
14-Oct-25,147807,LRP CICAPLAST B5+ BALSAM REPARATOR CALMANT CU INDICATII MULTIPLE 100 ML ,9,539.26,652.5,470.25,0,0,69.01,263,254,0
15-Oct-25,147807,LRP CICAPLAST B5+ BALSAM REPARATOR CALMANT CU INDICATII MULTIPLE 100 ML ,6,359.52,435,313.5,0,0,46.02,254,368,0
16-Oct-25,147807,LRP CICAPLAST B5+ BALSAM REPARATOR CALMANT CU INDICATII MULTIPLE 100 ML ,14,838.86,1015,731.5,0,0,107.36,368,354,0
17-Oct-25,147807,LRP CICAPLAST B5+ BALSAM REPARATOR CALMANT CU INDICATII MULTIPLE 100 ML ,5,299.59,362.5,261.25,0,0,38.34,354,349,0
18-Oct-25,147807,LRP CICAPLAST B5+ BALSAM REPARATOR CALMANT CU INDICATII MULTIPLE 100 ML ,8,479.36,580,418,0,0,61.36,349,341,0
19-Oct-25,147807,LRP CICAPLAST B5+ BALSAM REPARATOR CALMANT CU INDICATII MULTIPLE 100 ML ,14,838.86,1015,731.5,0,0,107.36,341,327,0
20-Oct-25,147807,LRP CICAPLAST B5+ BALSAM REPARATOR CALMANT CU INDICATII MULTIPLE 100 ML ,8,479.37,580,418,0,0,61.37,327,319,0
21-Oct-25,147807,LRP CICAPLAST B5+ BALSAM REPARATOR CALMANT CU INDICATII MULTIPLE 100 ML ,17,1018.64,1232.5,888.25,0,0,130.39,319,302,0
22-Oct-25,147807,LRP CICAPLAST B5+ BALSAM REPARATOR CALMANT CU INDICATII MULTIPLE 100 ML ,7,419.45,507.5,365.75,0,0,53.7,302,300,0
23-Oct-25,147807,LRP CICAPLAST B5+ BALSAM REPARATOR CALMANT CU INDICATII MULTIPLE 100 ML ,6,359.54,435,313.5,0,0,46.04,300,294,0
24-Oct-25,147807,LRP CICAPLAST B5+ BALSAM REPARATOR CALMANT CU INDICATII MULTIPLE 100 ML ,6,359.52,435,313.5,0,0,46.02,294,783,0
25-Oct-25,147807,LRP CICAPLAST B5+ BALSAM REPARATOR CALMANT CU INDICATII MULTIPLE 100 ML ,5,299.62,362.5,261.25,0,0,38.37,783,778,0
26-Oct-25,147807,LRP CICAPLAST B5+ BALSAM REPARATOR CALMANT CU INDICATII MULTIPLE 100 ML ,6,359.53,435,313.5,0,0,46.03,778,772,0
27-Oct-25,147807,LRP CICAPLAST B5+ BALSAM REPARATOR CALMANT CU INDICATII MULTIPLE 100 ML ,3,179.76,217.5,156.75,0,0,23.01,772,769,0
28-Oct-25,147807,LRP CICAPLAST B5+ BALSAM REPARATOR CALMANT CU INDICATII MULTIPLE 100 ML ,9,539.27,652.5,470.25,0,0,69.02,769,760,0
29-Oct-25,147807,LRP CICAPLAST B5+ BALSAM REPARATOR CALMANT CU INDICATII MULTIPLE 100 ML ,5,299.59,362.5,261.25,0,0,38.34,760,1055,0
30-Oct-25,147807,LRP CICAPLAST B5+ BALSAM REPARATOR CALMANT CU INDICATII MULTIPLE 100 ML ,12,719.05,870,627,0,0,92.05,1055,1043,0
31-Oct-25,147807,LRP CICAPLAST B5+ BALSAM REPARATOR CALMANT CU INDICATII MULTIPLE 100 ML ,15,898.8,1087.5,783.75,0,0,115.05,1043,1028,0
01-Nov-25,147807,LRP CICAPLAST B5+ BALSAM REPARATOR CALMANT CU INDICATII MULTIPLE 100 ML ,26,1152.84,1394.9,1358.5,490.1,0.351351351,-205.66,1028,1002,0
02-Nov-25,147807,LRP CICAPLAST B5+ BALSAM REPARATOR CALMANT CU INDICATII MULTIPLE 100 ML ,27,1197.21,1448.55,1410.75,508.95,0.351351351,-213.54,1002,975,0
03-Nov-25,147807,LRP CICAPLAST B5+ BALSAM REPARATOR CALMANT CU INDICATII MULTIPLE 100 ML ,30,1330.19,1609.5,1567.5,565.5,0.351351351,-237.31,975,945,0
04-Nov-25,147807,LRP CICAPLAST B5+ BALSAM REPARATOR CALMANT CU INDICATII MULTIPLE 100 ML ,25,1108.5,1341.25,1306.25,471.25,0.351351351,-197.75,945,920,0
05-Nov-25,147807,LRP CICAPLAST B5+ BALSAM REPARATOR CALMANT CU INDICATII MULTIPLE 100 ML ,31,1374.6,1663.15,1619.75,584.35,0.351351351,-245.15,920,889,0
06-Nov-25,147807,LRP CICAPLAST B5+ BALSAM REPARATOR CALMANT CU INDICATII MULTIPLE 100 ML ,25,1108.51,1341.25,1306.25,471.25,0.351351351,-197.74,889,864,0
07-Nov-25,147807,LRP CICAPLAST B5+ BALSAM REPARATOR CALMANT CU INDICATII MULTIPLE 100 ML ,30,1330.22,1609.5,1567.5,565.5,0.351351351,-237.28,864,834,0
08-Nov-25,147807,LRP CICAPLAST B5+ BALSAM REPARATOR CALMANT CU INDICATII MULTIPLE 100 ML ,38,1684.97,2038.7,1985.5,716.3,0.351351351,-300.53,834,796,0
09-Nov-25,147807,LRP CICAPLAST B5+ BALSAM REPARATOR CALMANT CU INDICATII MULTIPLE 100 ML ,28,1241.49,1502.2,1463,527.8,0.351351351,-221.51,796,768,0
10-Nov-25,147807,LRP CICAPLAST B5+ BALSAM REPARATOR CALMANT CU INDICATII MULTIPLE 100 ML ,11,487.75,590.15,574.75,207.35,0.351351351,-87,768,757,0
11-Nov-25,147807,LRP CICAPLAST B5+ BALSAM REPARATOR CALMANT CU INDICATII MULTIPLE 100 ML ,16,709.45,858.4,836,301.6,0.351351351,-126.55,757,741,0
12-Nov-25,147807,LRP CICAPLAST B5+ BALSAM REPARATOR CALMANT CU INDICATII MULTIPLE 100 ML ,13,576.44,697.45,679.25,245.05,0.351351351,-102.81,741,878,0
13-Nov-25,147807,LRP CICAPLAST B5+ BALSAM REPARATOR CALMANT CU INDICATII MULTIPLE 100 ML ,14,620.75,751.1,731.5,263.9,0.351351351,-110.75,878,864,0
14-Nov-25,147807,LRP CICAPLAST B5+ BALSAM REPARATOR CALMANT CU INDICATII MULTIPLE 100 ML ,75,3325.64,4023.75,3918.75,1413.75,0.351351351,-593.11,864,789,0
15-Nov-25,147807,LRP CICAPLAST B5+ BALSAM REPARATOR CALMANT CU INDICATII MULTIPLE 100 ML ,60,2660.41,3219,3135,1131,0.351351351,-474.59,789,729,0
16-Nov-25,147807,LRP CICAPLAST B5+ BALSAM REPARATOR CALMANT CU INDICATII MULTIPLE 100 ML ,64,2837.8,3433.6,3344,1206.4,0.351351351,-506.2,729,665,0
17-Nov-25,147807,LRP CICAPLAST B5+ BALSAM REPARATOR CALMANT CU INDICATII MULTIPLE 100 ML ,41,1818.01,2199.65,2142.25,772.85,0.351351351,-324.24,665,624,0
18-Nov-25,147807,LRP CICAPLAST B5+ BALSAM REPARATOR CALMANT CU INDICATII MULTIPLE 100 ML ,37,1640.63,1985.05,1933.25,697.45,0.351351351,-292.62,624,587,0
19-Nov-25,147807,LRP CICAPLAST B5+ BALSAM REPARATOR CALMANT CU INDICATII MULTIPLE 100 ML ,19,842.46,1019.35,992.75,358.15,0.351351351,-150.29,587,568,0
20-Nov-25,147807,LRP CICAPLAST B5+ BALSAM REPARATOR CALMANT CU INDICATII MULTIPLE 100 ML ,11,487.73,590.15,574.75,207.35,0.351351351,-87.02,568,557,0
21-Nov-25,147807,LRP CICAPLAST B5+ BALSAM REPARATOR CALMANT CU INDICATII MULTIPLE 100 ML ,33,1463.23,1770.45,1724.25,622.05,0.351351351,-261.02,557,524,0
22-Nov-25,147807,LRP CICAPLAST B5+ BALSAM REPARATOR CALMANT CU INDICATII MULTIPLE 100 ML ,23,1019.83,1233.95,1201.75,433.55,0.351351351,-181.92,524,501,0
23-Nov-25,147807,LRP CICAPLAST B5+ BALSAM REPARATOR CALMANT CU INDICATII MULTIPLE 100 ML ,34,1507.56,1824.1,1776.5,640.9,0.351351351,-268.94,501,467,0
24-Nov-25,147807,LRP CICAPLAST B5+ BALSAM REPARATOR CALMANT CU INDICATII MULTIPLE 100 ML ,24,1064.14,1287.6,1254,452.4,0.351351351,-189.86,467,443,0
25-Nov-25,147807,LRP CICAPLAST B5+ BALSAM REPARATOR CALMANT CU INDICATII MULTIPLE 100 ML ,23,1019.82,1233.95,1201.75,433.55,0.351351351,-181.93,443,420,0
26-Nov-25,147807,LRP CICAPLAST B5+ BALSAM REPARATOR CALMANT CU INDICATII MULTIPLE 100 ML ,12,532.09,643.8,627,226.2,0.351351351,-94.91,420,608,0
27-Nov-25,147807,LRP CICAPLAST B5+ BALSAM REPARATOR CALMANT CU INDICATII MULTIPLE 100 ML ,10,443.4,536.5,522.5,188.5,0.351351351,-79.1,608,598,0
28-Nov-25,147807,LRP CICAPLAST B5+ BALSAM REPARATOR CALMANT CU INDICATII MULTIPLE 100 ML ,15,665.09,804.75,783.75,282.75,0.351351351,-118.66,598,583,0
29-Nov-25,147807,LRP CICAPLAST B5+ BALSAM REPARATOR CALMANT CU INDICATII MULTIPLE 100 ML ,29,1285.86,1555.85,1515.25,546.65,0.351351351,-229.39,583,554,0
30-Nov-25,147807,LRP CICAPLAST B5+ BALSAM REPARATOR CALMANT CU INDICATII MULTIPLE 100 ML ,18,798.13,965.7,940.5,339.3,0.351351351,-142.37,554,536,0
01-Dec-25,147807,LRP CICAPLAST B5+ BALSAM REPARATOR CALMANT CU INDICATII MULTIPLE 100 ML ,5,299.58,362.5,261.25,0,0,38.33,536,531,0
02-Dec-25,147807,LRP CICAPLAST B5+ BALSAM REPARATOR CALMANT CU INDICATII MULTIPLE 100 ML ,4,239.69,290,209,0,0,30.69,531,527,0
03-Dec-25,147807,LRP CICAPLAST B5+ BALSAM REPARATOR CALMANT CU INDICATII MULTIPLE 100 ML ,6,359.53,435,313.5,0,0,46.03,527,521,0
04-Dec-25,147807,LRP CICAPLAST B5+ BALSAM REPARATOR CALMANT CU INDICATII MULTIPLE 100 ML ,5,299.6,362.5,261.25,0,0,38.35,521,616,0
05-Dec-25,147807,LRP CICAPLAST B5+ BALSAM REPARATOR CALMANT CU INDICATII MULTIPLE 100 ML ,4,239.68,290,209,0,0,30.68,616,612,0
06-Dec-25,147807,LRP CICAPLAST B5+ BALSAM REPARATOR CALMANT CU INDICATII MULTIPLE 100 ML ,7,419.45,507.5,365.75,0,0,53.7,612,605,0
07-Dec-25,147807,LRP CICAPLAST B5+ BALSAM REPARATOR CALMANT CU INDICATII MULTIPLE 100 ML ,7,419.43,507.5,365.75,0,0,53.68,605,598,0
08-Dec-25,147807,LRP CICAPLAST B5+ BALSAM REPARATOR CALMANT CU INDICATII MULTIPLE 100 ML ,8,479.36,580,418,0,0,61.36,598,590,0
09-Dec-25,147807,LRP CICAPLAST B5+ BALSAM REPARATOR CALMANT CU INDICATII MULTIPLE 100 ML ,3,179.76,217.5,156.75,0,0,23.01,590,587,0
10-Dec-25,147807,LRP CICAPLAST B5+ BALSAM REPARATOR CALMANT CU INDICATII MULTIPLE 100 ML ,10,599.18,725,522.5,0,0,76.68,587,1577,0
11-Dec-25,147807,LRP CICAPLAST B5+ BALSAM REPARATOR CALMANT CU INDICATII MULTIPLE 100 ML ,5,299.6,362.5,261.25,0,0,38.35,1577,1572,0
12-Dec-25,147807,LRP CICAPLAST B5+ BALSAM REPARATOR CALMANT CU INDICATII MULTIPLE 100 ML ,9,539.24,652.5,470.25,0,0,68.99,1572,1563,0
13-Dec-25,147807,LRP CICAPLAST B5+ BALSAM REPARATOR CALMANT CU INDICATII MULTIPLE 100 ML ,13,778.94,942.5,679.25,0,0,99.69,1563,1550,0
14-Dec-25,147807,LRP CICAPLAST B5+ BALSAM REPARATOR CALMANT CU INDICATII MULTIPLE 100 ML ,6,359.51,435,313.5,0,0,46.01,1550,1544,0
15-Dec-25,147807,LRP CICAPLAST B5+ BALSAM REPARATOR CALMANT CU INDICATII MULTIPLE 100 ML ,8,479.37,580,418,0,0,61.37,1544,1536,0
16-Dec-25,147807,LRP CICAPLAST B5+ BALSAM REPARATOR CALMANT CU INDICATII MULTIPLE 100 ML ,11,659.13,797.5,574.75,0,0,84.38,1536,1525,0
17-Dec-25,147807,LRP CICAPLAST B5+ BALSAM REPARATOR CALMANT CU INDICATII MULTIPLE 100 ML ,2,119.84,145,104.5,0,0,15.34,1525,1523,0
18-Dec-25,147807,LRP CICAPLAST B5+ BALSAM REPARATOR CALMANT CU INDICATII MULTIPLE 100 ML ,8,479.35,580,418,0,0,61.35,1523,1515,0
19-Dec-25,147807,LRP CICAPLAST B5+ BALSAM REPARATOR CALMANT CU INDICATII MULTIPLE 100 ML ,6,359.52,435,313.5,0,0,46.02,1515,1509,0
20-Dec-25,147807,LRP CICAPLAST B5+ BALSAM REPARATOR CALMANT CU INDICATII MULTIPLE 100 ML ,14,838.88,1015,731.5,0,0,107.38,1509,1495,0
21-Dec-25,147807,LRP CICAPLAST B5+ BALSAM REPARATOR CALMANT CU INDICATII MULTIPLE 100 ML ,10,599.19,725,522.5,0,0,76.69,1495,1485,0
22-Dec-25,147807,LRP CICAPLAST B5+ BALSAM REPARATOR CALMANT CU INDICATII MULTIPLE 100 ML ,6,359.52,435,313.5,0,0,46.02,1485,1479,0
23-Dec-25,147807,LRP CICAPLAST B5+ BALSAM REPARATOR CALMANT CU INDICATII MULTIPLE 100 ML ,16,958.7,1160,836,0,0,122.7,1479,1463,0
24-Dec-25,147807,LRP CICAPLAST B5+ BALSAM REPARATOR CALMANT CU INDICATII MULTIPLE 100 ML ,2,119.84,145,104.5,0,0,15.34,1463,1461,0
25-Dec-25,147807,LRP CICAPLAST B5+ BALSAM REPARATOR CALMANT CU INDICATII MULTIPLE 100 ML ,0,0,0,0,0,0,0,1461,1461,0
26-Dec-25,147807,LRP CICAPLAST B5+ BALSAM REPARATOR CALMANT CU INDICATII MULTIPLE 100 ML ,0,0,0,0,0,0,0,1461,1461,0
27-Dec-25,147807,LRP CICAPLAST B5+ BALSAM REPARATOR CALMANT CU INDICATII MULTIPLE 100 ML ,6,359.52,435,313.5,0,0,46.02,1461,1455,0
28-Dec-25,147807,LRP CICAPLAST B5+ BALSAM REPARATOR CALMANT CU INDICATII MULTIPLE 100 ML ,5,299.59,362.5,261.25,0,0,38.34,1455,1450,0
29-Dec-25,147807,LRP CICAPLAST B5+ BALSAM REPARATOR CALMANT CU INDICATII MULTIPLE 100 ML ,9,539.26,652.5,470.25,0,0,69.01,1450,1441,0
30-Dec-25,147807,LRP CICAPLAST B5+ BALSAM REPARATOR CALMANT CU INDICATII MULTIPLE 100 ML ,12,719.02,870,627,0,0,92.02,1441,1429,0
31-Dec-25,147807,LRP CICAPLAST B5+ BALSAM REPARATOR CALMANT CU INDICATII MULTIPLE 100 ML ,7,419.44,507.5,365.75,0,0,53.69,1429,1422,0
01-Jan-26,147807,LRP CICAPLAST B5+ BALSAM REPARATOR CALMANT CU INDICATII MULTIPLE 100 ML ,0,0,0,0,0,0,0,1422,1422,0
02-Jan-26,147807,LRP CICAPLAST B5+ BALSAM REPARATOR CALMANT CU INDICATII MULTIPLE 100 ML ,0,0,0,0,0,0,0,1422,1422,0
03-Jan-26,147807,LRP CICAPLAST B5+ BALSAM REPARATOR CALMANT CU INDICATII MULTIPLE 100 ML ,13,778.96,942.5,679.25,0,0,99.71,1422,1409,0
